date,match_id,url_match,home,away,home_score,away_score
24/05/2026,59t89i9irkl7koxyl46cva4us,https://www.scoresway.com/en_GB/soccer/premier-league-2025-2026/51r6ph2woavlbbpk8f29nynf8/match/view/59t89i9irkl7koxyl46cva4us,West Ham,Leeds,3,0
24/05/2026,58ywxm6h28x3wp2h4cx4wl3pw,https://www.scoresway.com/en_GB/soccer/premier-league-2025-2026/51r6ph2woavlbbpk8f29nynf8/match/view/58ywxm6h28x3wp2h4cx4wl3pw,Sunderland,Chelsea,2,1
24/05/2026,59d9ayrqml4blmyr6tibd1nh0,https://www.scoresway.com/en_GB/soccer/premier-league-2025-2026/51r6ph2woavlbbpk8f29nynf8/match/view/59d9ayrqml4blmyr6tibd1nh0,Spurs,Everton,1,0
24/05/2026,58j0iztxifq963szj8t2ylhjo,https://www.scoresway.com/en_GB/soccer/premier-league-2025-2026/51r6ph2woavlbbpk8f29nynf8/match/view/58j0iztxifq963szj8t2ylhjo,Nottm Forest,Bournemouth,1,1
24/05/2026,5831hbgqqz9ehu1ae5qlphvdg,https://www.scoresway.com/en_GB/soccer/premier-league-2025-2026/51r6ph2woavlbbpk8f29nynf8/match/view/5831hbgqqz9ehu1ae5qlphvdg,Man City,Aston Villa,1,2
24/05/2026,57mwrh5wr8gy7obpu0kjmstg4,https://www.scoresway.com/en_GB/soccer/premier-league-2025-2026/51r6ph2woavlbbpk8f29nynf8/match/view/57mwrh5wr8gy7obpu0kjmstg4,Liverpool,Brentford,1,1
24/05/2026,5770cell6dg85i03xfikgnwus,https://www.scoresway.com/en_GB/soccer/premier-league-2025-2026/51r6ph2woavlbbpk8f29nynf8/match/view/5770cell6dg85i03xfikgnwus,Fulham,Newcastle,2,0
24/05/2026,56sqj49wua0241sbk71k9rdhw,https://www.scoresway.com/en_GB/soccer/premier-league-2025-2026/51r6ph2woavlbbpk8f29nynf8/match/view/56sqj49wua0241sbk71k9rdhw,Crystal Palace,Arsenal,1,2
24/05/2026,56e9cspo2f6quh9z50lywvok4,https://www.scoresway.com/en_GB/soccer/premier-league-2025-2026/51r6ph2woavlbbpk8f29nynf8/match/view/56e9cspo2f6quh9z50lywvok4,Burnley,Wolves,1,1
24/05/2026,55xwipdr13y9h2ga7yv15n8yc,https://www.scoresway.com/en_GB/soccer/premier-league-2025-2026/51r6ph2woavlbbpk8f29nynf8/match/view/55xwipdr13y9h2ga7yv15n8yc,Brighton,Man Utd,0,3
19/05/2026,53j6evjl6xalzvbm90cxhzdw4,https://www.scoresway.com/en_GB/soccer/premier-league-2025-2026/51r6ph2woavlbbpk8f29nynf8/match/view/53j6evjl6xalzvbm90cxhzdw4,Chelsea,Spurs,2,1
19/05/2026,51wruvqfagv0fz9vzksxri4gk,https://www.scoresway.com/en_GB/soccer/premier-league-2025-2026/51r6ph2woavlbbpk8f29nynf8/match/view/51wruvqfagv0fz9vzksxri4gk,Bournemouth,Man City,1,1
18/05/2026,52bponwfjilfsdlm8gj7f6k2c,https://www.scoresway.com/en_GB/soccer/premier-league-2025-2026/51r6ph2woavlbbpk8f29nynf8/match/view/52bponwfjilfsdlm8gj7f6k2c,Arsenal,Burnley,1,0
17/05/2026,554i630ssgkurs2xqqckp9tec,https://www.scoresway.com/en_GB/soccer/premier-league-2025-2026/51r6ph2woavlbbpk8f29nynf8/match/view/554i630ssgkurs2xqqckp9tec,Newcastle,West Ham,3,1
17/05/2026,55j21gxnbt3gda8onzs81rf2s,https://www.scoresway.com/en_GB/soccer/premier-league-2025-2026/51r6ph2woavlbbpk8f29nynf8/match/view/55j21gxnbt3gda8onzs81rf2s,Wolves,Fulham,1,1
17/05/2026,54bugf6p0agtkiauhljp3buhg,https://www.scoresway.com/en_GB/soccer/premier-league-2025-2026/51r6ph2woavlbbpk8f29nynf8/match/view/54bugf6p0agtkiauhljp3buhg,Leeds,Brighton,1,0
17/05/2026,53xkqr8ahhgqnm6d5mt3jrims,https://www.scoresway.com/en_GB/soccer/premier-league-2025-2026/51r6ph2woavlbbpk8f29nynf8/match/view/53xkqr8ahhgqnm6d5mt3jrims,Everton,Sunderland,1,3
17/05/2026,534tol61uap1u42acft5cep04,https://www.scoresway.com/en_GB/soccer/premier-league-2025-2026/51r6ph2woavlbbpk8f29nynf8/match/view/534tol61uap1u42acft5cep04,Brentford,Crystal Palace,2,2
17/05/2026,54q3ow5nko3mj15xltmseln2s,https://www.scoresway.com/en_GB/soccer/premier-league-2025-2026/51r6ph2woavlbbpk8f29nynf8/match/view/54q3ow5nko3mj15xltmseln2s,Man Utd,Nottm Forest,3,2
15/05/2026,52q6oshpwx91dnjt9x0cx1iqc,https://www.scoresway.com/en_GB/soccer/premier-league-2025-2026/51r6ph2woavlbbpk8f29nynf8/match/view/52q6oshpwx91dnjt9x0cx1iqc,Aston Villa,Liverpool,4,2
11/05/2026,5146m7fbdoj5d8sab8d7gsob8,https://www.scoresway.com/en_GB/soccer/premier-league-2025-2026/51r6ph2woavlbbpk8f29nynf8/match/view/5146m7fbdoj5d8sab8d7gsob8,Spurs,Leeds,1,1
10/05/2026,51i8bgm45ruiglvkbgnyb6ihg,https://www.scoresway.com/en_GB/soccer/premier-league-2025-2026/51r6ph2woavlbbpk8f29nynf8/match/view/51i8bgm45ruiglvkbgnyb6ihg,West Ham,Arsenal,0,1
10/05/2026,509u8t50pwxnn67v5plk4tc0k,https://www.scoresway.com/en_GB/soccer/premier-league-2025-2026/51r6ph2woavlbbpk8f29nynf8/match/view/509u8t50pwxnn67v5plk4tc0k,Nottm Forest,Newcastle,1,1
10/05/2026,4ynocqqui6zcx8wrduivc11jo,https://www.scoresway.com/en_GB/soccer/premier-league-2025-2026/51r6ph2woavlbbpk8f29nynf8/match/view/4ynocqqui6zcx8wrduivc11jo,Crystal Palace,Everton,2,2
10/05/2026,4y6mms7hqbnuoufunrb9t7hn8,https://www.scoresway.com/en_GB/soccer/premier-league-2025-2026/51r6ph2woavlbbpk8f29nynf8/match/view/4y6mms7hqbnuoufunrb9t7hn8,Burnley,Aston Villa,2,2
09/05/2026,4zvbzemavxseozb5xmct44tg4,https://www.scoresway.com/en_GB/soccer/premier-league-2025-2026/51r6ph2woavlbbpk8f29nynf8/match/view/4zvbzemavxseozb5xmct44tg4,Man City,Brentford,3,0
09/05/2026,50o32ylys1nykzuao8kko9ams,https://www.scoresway.com/en_GB/soccer/premier-league-2025-2026/51r6ph2woavlbbpk8f29nynf8/match/view/50o32ylys1nykzuao8kko9ams,Sunderland,Man Utd,0,0
09/05/2026,4z1zxqksc6bleu9a1009ng7pw,https://www.scoresway.com/en_GB/soccer/premier-league-2025-2026/51r6ph2woavlbbpk8f29nynf8/match/view/4z1zxqksc6bleu9a1009ng7pw,Fulham,Bournemouth,0,1
09/05/2026,4xrkmq9vj4w3duniuqsyy3bbo,https://www.scoresway.com/en_GB/soccer/premier-league-2025-2026/51r6ph2woavlbbpk8f29nynf8/match/view/4xrkmq9vj4w3duniuqsyy3bbo,Brighton,Wolves,3,0
09/05/2026,4zgf2nruglaxakbv5t3s8ll3o,https://www.scoresway.com/en_GB/soccer/premier-league-2025-2026/51r6ph2woavlbbpk8f29nynf8/match/view/4zgf2nruglaxakbv5t3s8ll3o,Liverpool,Chelsea,1,1
04/05/2026,4vs4yw5xl6m0llsmolmoloob8,https://www.scoresway.com/en_GB/soccer/premier-league-2025-2026/51r6ph2woavlbbpk8f29nynf8/match/view/4vs4yw5xl6m0llsmolmoloob8,Everton,Man City,3,3
04/05/2026,4vc1zzuh5bx70tivhn30mgutw,https://www.scoresway.com/en_GB/soccer/premier-league-2025-2026/51r6ph2woavlbbpk8f29nynf8/match/view/4vc1zzuh5bx70tivhn30mgutw,Chelsea,Nottm Forest,1,3
03/05/2026,4uj53u3vj024zyelxg271vnkk,https://www.scoresway.com/en_GB/soccer/premier-league-2025-2026/51r6ph2woavlbbpk8f29nynf8/match/view/4uj53u3vj024zyelxg271vnkk,Aston Villa,Spurs,1,2
03/05/2026,4wkjiv475wzfcfplo9208ek9g,https://www.scoresway.com/en_GB/soccer/premier-league-2025-2026/51r6ph2woavlbbpk8f29nynf8/match/view/4wkjiv475wzfcfplo9208ek9g,Man Utd,Liverpool,3,2
03/05/2026,4tpmivijir70rk0zbm2nx0xec,https://www.scoresway.com/en_GB/soccer/premier-league-2025-2026/51r6ph2woavlbbpk8f29nynf8/match/view/4tpmivijir70rk0zbm2nx0xec,Bournemouth,Crystal Palace,3,0
02/05/2026,4u45d36alhjxa1qxmvmzja80k,https://www.scoresway.com/en_GB/soccer/premier-league-2025-2026/51r6ph2woavlbbpk8f29nynf8/match/view/4u45d36alhjxa1qxmvmzja80k,Arsenal,Fulham,3,0
02/05/2026,4xd8jav3nu5ft14s4b2s0z28k,https://www.scoresway.com/en_GB/soccer/premier-league-2025-2026/51r6ph2woavlbbpk8f29nynf8/match/view/4xd8jav3nu5ft14s4b2s0z28k,Wolves,Sunderland,1,1
02/05/2026,4wyzm9p1mkcnewy5twhzr0fmc,https://www.scoresway.com/en_GB/soccer/premier-league-2025-2026/51r6ph2woavlbbpk8f29nynf8/match/view/4wyzm9p1mkcnewy5twhzr0fmc,Newcastle,Brighton,3,1
02/05/2026,4uxlhy8tqj36ztvez70j932tw,https://www.scoresway.com/en_GB/soccer/premier-league-2025-2026/51r6ph2woavlbbpk8f29nynf8/match/view/4uxlhy8tqj36ztvez70j932tw,Brentford,West Ham,3,0
01/05/2026,4w69cq7gxy6jlk8hwflij7cic,https://www.scoresway.com/en_GB/soccer/premier-league-2025-2026/51r6ph2woavlbbpk8f29nynf8/match/view/4w69cq7gxy6jlk8hwflij7cic,Leeds,Burnley,3,1
27/04/2026,4s4lfi1tj69ftoawrdig1erys,https://www.scoresway.com/en_GB/soccer/premier-league-2025-2026/51r6ph2woavlbbpk8f29nynf8/match/view/4s4lfi1tj69ftoawrdig1erys,Man Utd,Brentford,2,1
25/04/2026,4pwek6ufip2m51lyelp0r5las,https://www.scoresway.com/en_GB/soccer/premier-league-2025-2026/51r6ph2woavlbbpk8f29nynf8/match/view/4pwek6ufip2m51lyelp0r5las,Arsenal,Newcastle,1,0
25/04/2026,4tbi56lct23i6mjvzto0otedw,https://www.scoresway.com/en_GB/soccer/premier-league-2025-2026/51r6ph2woavlbbpk8f29nynf8/match/view/4tbi56lct23i6mjvzto0otedw,Wolves,Spurs,0,1
25/04/2026,4sxag6rc5gr80key0i9jk9s0k,https://www.scoresway.com/en_GB/soccer/premier-league-2025-2026/51r6ph2woavlbbpk8f29nynf8/match/view/4sxag6rc5gr80key0i9jk9s0k,West Ham,Everton,2,1
25/04/2026,4rq7t37ngva3ecwacchy43e38,https://www.scoresway.com/en_GB/soccer/premier-league-2025-2026/51r6ph2woavlbbpk8f29nynf8/match/view/4rq7t37ngva3ecwacchy43e38,Liverpool,Crystal Palace,3,1
25/04/2026,4rb4ziwutw24zx7ni67cnask4,https://www.scoresway.com/en_GB/soccer/premier-league-2025-2026/51r6ph2woavlbbpk8f29nynf8/match/view/4rb4ziwutw24zx7ni67cnask4,Fulham,Aston Villa,1,0
24/04/2026,4sixhmqe1yxv3dibzwzxsku8k,https://www.scoresway.com/en_GB/soccer/premier-league-2025-2026/51r6ph2woavlbbpk8f29nynf8/match/view/4sixhmqe1yxv3dibzwzxsku8k,Sunderland,Nottm Forest,0,5
22/04/2026,4qx1vfv92l7yqyy7fs7ekytjo,https://www.scoresway.com/en_GB/soccer/premier-league-2025-2026/51r6ph2woavlbbpk8f29nynf8/match/view/4qx1vfv92l7yqyy7fs7ekytjo,Burnley,Man City,0,1
22/04/2026,4pi8q807b9bc5r55gvpy5omqc,https://www.scoresway.com/en_GB/soccer/premier-league-2025-2026/51r6ph2woavlbbpk8f29nynf8/match/view/4pi8q807b9bc5r55gvpy5omqc,Bournemouth,Leeds,2,2
21/04/2026,4qily350dbjfxrb0rt5o82j9w,https://www.scoresway.com/en_GB/soccer/premier-league-2025-2026/51r6ph2woavlbbpk8f29nynf8/match/view/4qily350dbjfxrb0rt5o82j9w,Brighton,Chelsea,3,0
20/04/2026,4mex86q98op7z0xai1087nvh0,https://www.scoresway.com/en_GB/soccer/premier-league-2025-2026/51r6ph2woavlbbpk8f29nynf8/match/view/4mex86q98op7z0xai1087nvh0,Crystal Palace,West Ham,0,0
19/04/2026,4nwnb9i8nivpfmdru07fywsgk,https://www.scoresway.com/en_GB/soccer/premier-league-2025-2026/51r6ph2woavlbbpk8f29nynf8/match/view/4nwnb9i8nivpfmdru07fywsgk,Man City,Arsenal,2,1
19/04/2026,4opc4sw42m4nneydlyj6nysyc,https://www.scoresway.com/en_GB/soccer/premier-league-2025-2026/51r6ph2woavlbbpk8f29nynf8/match/view/4opc4sw42m4nneydlyj6nysyc,Nottm Forest,Burnley,4,1
19/04/2026,4mt8uz7mnwr88byu986z5m8lw,https://www.scoresway.com/en_GB/soccer/premier-league-2025-2026/51r6ph2woavlbbpk8f29nynf8/match/view/4mt8uz7mnwr88byu986z5m8lw,Everton,Liverpool,1,2
19/04/2026,4l7u8xcjrptlo0te85spnio7o,https://www.scoresway.com/en_GB/soccer/premier-league-2025-2026/51r6ph2woavlbbpk8f29nynf8/match/view/4l7u8xcjrptlo0te85spnio7o,Aston Villa,Sunderland,4,3
18/04/2026,4m0hv0y707imwzwo2dileo2s4,https://www.scoresway.com/en_GB/soccer/premier-league-2025-2026/51r6ph2woavlbbpk8f29nynf8/match/view/4m0hv0y707imwzwo2dileo2s4,Chelsea,Man Utd,0,1
18/04/2026,4p3u05341oavttuq79gix5yc4,https://www.scoresway.com/en_GB/soccer/premier-league-2025-2026/51r6ph2woavlbbpk8f29nynf8/match/view/4p3u05341oavttuq79gix5yc4,Spurs,Brighton,2,2
18/04/2026,4oavnftt8cn64ffjqjxxeuxas,https://www.scoresway.com/en_GB/soccer/premier-league-2025-2026/51r6ph2woavlbbpk8f29nynf8/match/view/4oavnftt8cn64ffjqjxxeuxas,Newcastle,Bournemouth,1,2
18/04/2026,4n7iu32c7wdgcmphskixm3r4k,https://www.scoresway.com/en_GB/soccer/premier-league-2025-2026/51r6ph2woavlbbpk8f29nynf8/match/view/4n7iu32c7wdgcmphskixm3r4k,Leeds,Wolves,3,0
18/04/2026,4lm557n5sh5s5bv94m63lgj6c,https://www.scoresway.com/en_GB/soccer/premier-league-2025-2026/51r6ph2woavlbbpk8f29nynf8/match/view/4lm557n5sh5s5bv94m63lgj6c,Brentford,Fulham,0,0
13/04/2026,4jkq3hfgw6nq6tesl83wpy80k,https://www.scoresway.com/en_GB/soccer/premier-league-2025-2026/51r6ph2woavlbbpk8f29nynf8/match/view/4jkq3hfgw6nq6tesl83wpy80k,Man Utd,Leeds,1,2
12/04/2026,4ib5b6h12ok2qgdkbzwg1jv9w,https://www.scoresway.com/en_GB/soccer/premier-league-2025-2026/51r6ph2woavlbbpk8f29nynf8/match/view/4ib5b6h12ok2qgdkbzwg1jv9w,Chelsea,Man City,0,3
12/04/2026,4kddvp87omo9dy1dpaxspetjo,https://www.scoresway.com/en_GB/soccer/premier-league-2025-2026/51r6ph2woavlbbpk8f29nynf8/match/view/4kddvp87omo9dy1dpaxspetjo,Sunderland,Spurs,1,0
12/04/2026,4jz4kauoxf5au4aiiiq7f6n84,https://www.scoresway.com/en_GB/soccer/premier-league-2025-2026/51r6ph2woavlbbpk8f29nynf8/match/view/4jz4kauoxf5au4aiiiq7f6n84,Nottm Forest,Aston Villa,1,1
12/04/2026,4ipkr2m649qfb4g5hndblp82c,https://www.scoresway.com/en_GB/soccer/premier-league-2025-2026/51r6ph2woavlbbpk8f29nynf8/match/view/4ipkr2m649qfb4g5hndblp82c,Crystal Palace,Newcastle,2,1
11/04/2026,4j6ivw9f5me8lnzenpp7vnuok,https://www.scoresway.com/en_GB/soccer/premier-league-2025-2026/51r6ph2woavlbbpk8f29nynf8/match/view/4j6ivw9f5me8lnzenpp7vnuok,Liverpool,Fulham,2,0
11/04/2026,4hvu37urokilguo7n5p0qsy6s,https://www.scoresway.com/en_GB/soccer/premier-league-2025-2026/51r6ph2woavlbbpk8f29nynf8/match/view/4hvu37urokilguo7n5p0qsy6s,Burnley,Brighton,0,2
11/04/2026,4hhbdo474aqj544kw5b4xhl3o,https://www.scoresway.com/en_GB/soccer/premier-league-2025-2026/51r6ph2woavlbbpk8f29nynf8/match/view/4hhbdo474aqj544kw5b4xhl3o,Brentford,Everton,2,2
11/04/2026,4h2ew9waug2vsce1xchjf9zbo,https://www.scoresway.com/en_GB/soccer/premier-league-2025-2026/51r6ph2woavlbbpk8f29nynf8/match/view/4h2ew9waug2vsce1xchjf9zbo,Arsenal,Bournemouth,1,2
10/04/2026,4ktdo1jk2i52t4dw2okuhzz84,https://www.scoresway.com/en_GB/soccer/premier-league-2025-2026/51r6ph2woavlbbpk8f29nynf8/match/view/4ktdo1jk2i52t4dw2okuhzz84,West Ham,Wolves,4,0
13/05/2026,4fghd8ykrqusg7duvwfkhy6fo,https://www.scoresway.com/en_GB/soccer/premier-league-2025-2026/51r6ph2woavlbbpk8f29nynf8/match/view/4fghd8ykrqusg7duvwfkhy6fo,Man City,Crystal Palace,3,0
22/03/2026,4g9df2gm7puexyyyq0kcd7y8k,https://www.scoresway.com/en_GB/soccer/premier-league-2025-2026/51r6ph2woavlbbpk8f29nynf8/match/view/4g9df2gm7puexyyyq0kcd7y8k,Spurs,Nottm Forest,0,3
22/03/2026,4depi2nt4nf4enc6vvdcy8mj8,https://www.scoresway.com/en_GB/soccer/premier-league-2025-2026/51r6ph2woavlbbpk8f29nynf8/match/view/4depi2nt4nf4enc6vvdcy8mj8,Aston Villa,West Ham,2,0
22/03/2026,4fuln8b9rqgl56nwqw4ow0178,https://www.scoresway.com/en_GB/soccer/premier-league-2025-2026/51r6ph2woavlbbpk8f29nynf8/match/view/4fuln8b9rqgl56nwqw4ow0178,Newcastle,Sunderland,1,2
21/03/2026,4ezyab1abkqxrr5gv5mn6os2c,https://www.scoresway.com/en_GB/soccer/premier-league-2025-2026/51r6ph2woavlbbpk8f29nynf8/match/view/4ezyab1abkqxrr5gv5mn6os2c,Leeds,Brentford,0,0
21/03/2026,4e7b8qbz1pbj90xwc13ymhv6c,https://www.scoresway.com/en_GB/soccer/premier-league-2025-2026/51r6ph2woavlbbpk8f29nynf8/match/view/4e7b8qbz1pbj90xwc13ymhv6c,Everton,Chelsea,3,0
21/03/2026,4eljvcto747n3og5zxhsgn4es,https://www.scoresway.com/en_GB/soccer/premier-league-2025-2026/51r6ph2woavlbbpk8f29nynf8/match/view/4eljvcto747n3og5zxhsgn4es,Fulham,Burnley,3,1
21/03/2026,4dt0xk254py5py96scdjiwys4,https://www.scoresway.com/en_GB/soccer/premier-league-2025-2026/51r6ph2woavlbbpk8f29nynf8/match/view/4dt0xk254py5py96scdjiwys4,Brighton,Liverpool,2,1
20/03/2026,4d0d8tamzjazpq7onnnj7fgus,https://www.scoresway.com/en_GB/soccer/premier-league-2025-2026/51r6ph2woavlbbpk8f29nynf8/match/view/4d0d8tamzjazpq7onnnj7fgus,Bournemouth,Man Utd,2,2
18/02/2026,4go4bjgjd216pca6xkuxtolxw,https://www.scoresway.com/en_GB/soccer/premier-league-2025-2026/51r6ph2woavlbbpk8f29nynf8/match/view/4go4bjgjd216pca6xkuxtolxw,Wolves,Arsenal,2,2
16/03/2026,49dg9z1yukcltg3c2wv8dq1as,https://www.scoresway.com/en_GB/soccer/premier-league-2025-2026/51r6ph2woavlbbpk8f29nynf8/match/view/49dg9z1yukcltg3c2wv8dq1as,Brentford,Wolves,2,2
15/03/2026,4b0vkliozgwujbu92sbu4odg4,https://www.scoresway.com/en_GB/soccer/premier-league-2025-2026/51r6ph2woavlbbpk8f29nynf8/match/view/4b0vkliozgwujbu92sbu4odg4,Liverpool,Spurs,1,1
15/03/2026,4btd13vohred1mnqymrbxt72s,https://www.scoresway.com/en_GB/soccer/premier-league-2025-2026/51r6ph2woavlbbpk8f29nynf8/match/view/4btd13vohred1mnqymrbxt72s,Nottm Forest,Fulham,0,0
15/03/2026,4bf3mhuw9l182g3jx7ava0cno,https://www.scoresway.com/en_GB/soccer/premier-league-2025-2026/51r6ph2woavlbbpk8f29nynf8/match/view/4bf3mhuw9l182g3jx7ava0cno,Man Utd,Aston Villa,3,1
15/03/2026,4amfwj51me61h8rkeh6lfa784,https://www.scoresway.com/en_GB/soccer/premier-league-2025-2026/51r6ph2woavlbbpk8f29nynf8/match/view/4amfwj51me61h8rkeh6lfa784,Crystal Palace,Leeds,0,0
14/03/2026,4cm108ohxx531fr98bh9uy68k,https://www.scoresway.com/en_GB/soccer/premier-league-2025-2026/51r6ph2woavlbbpk8f29nynf8/match/view/4cm108ohxx531fr98bh9uy68k,West Ham,Man City,1,1
14/03/2026,4a83cu13ym4onq9gqky3udul0,https://www.scoresway.com/en_GB/soccer/premier-league-2025-2026/51r6ph2woavlbbpk8f29nynf8/match/view/4a83cu13ym4onq9gqky3udul0,Chelsea,Newcastle,0,1
14/03/2026,48z7dzv6kdvzis2mn5v5th250,https://www.scoresway.com/en_GB/soccer/premier-league-2025-2026/51r6ph2woavlbbpk8f29nynf8/match/view/48z7dzv6kdvzis2mn5v5th250,Arsenal,Everton,2,0
14/03/2026,4c7pkoxo59z918wbjnrc7o844,https://www.scoresway.com/en_GB/soccer/premier-league-2025-2026/51r6ph2woavlbbpk8f29nynf8/match/view/4c7pkoxo59z918wbjnrc7o844,Sunderland,Brighton,0,1
14/03/2026,49ruzbiksyl5zqe38z2czh4wk,https://www.scoresway.com/en_GB/soccer/premier-league-2025-2026/51r6ph2woavlbbpk8f29nynf8/match/view/49ruzbiksyl5zqe38z2czh4wk,Burnley,Bournemouth,0,0
05/03/2026,486hxmd9rt6ysjx8cez706gpg,https://www.scoresway.com/en_GB/soccer/premier-league-2025-2026/51r6ph2woavlbbpk8f29nynf8/match/view/486hxmd9rt6ysjx8cez706gpg,Spurs,Crystal Palace,1,3
04/03/2026,47s90k4t3qdmtb1d8u2pby0ic,https://www.scoresway.com/en_GB/soccer/premier-league-2025-2026/51r6ph2woavlbbpk8f29nynf8/match/view/47s90k4t3qdmtb1d8u2pby0ic,Newcastle,Man Utd,2,1
04/03/2026,47dvoq5r75sixlz45j51y0ys4,https://www.scoresway.com/en_GB/soccer/premier-league-2025-2026/51r6ph2woavlbbpk8f29nynf8/match/view/47dvoq5r75sixlz45j51y0ys4,Man City,Nottm Forest,2,2
04/03/2026,46l5tcessu8s61wzg7lfykob8,https://www.scoresway.com/en_GB/soccer/premier-league-2025-2026/51r6ph2woavlbbpk8f29nynf8/match/view/46l5tcessu8s61wzg7lfykob8,Fulham,West Ham,0,1
04/03/2026,45skrbpsdh3x4g4jsq6rb56ac,https://www.scoresway.com/en_GB/soccer/premier-league-2025-2026/51r6ph2woavlbbpk8f29nynf8/match/view/45skrbpsdh3x4g4jsq6rb56ac,Brighton,Arsenal,0,1
04/03/2026,45ec01q9riue4aiuw8r685wyc,https://www.scoresway.com/en_GB/soccer/premier-league-2025-2026/51r6ph2woavlbbpk8f29nynf8/match/view/45ec01q9riue4aiuw8r685wyc,Aston Villa,Chelsea,1,4
03/03/2026,48ktj4rhfezvam9t3849mcj6c,https://www.scoresway.com/en_GB/soccer/premier-league-2025-2026/51r6ph2woavlbbpk8f29nynf8/match/view/48ktj4rhfezvam9t3849mcj6c,Wolves,Liverpool,2,1
03/03/2026,46zi9n9cnuqzisuu8kkhi7gno,https://www.scoresway.com/en_GB/soccer/premier-league-2025-2026/51r6ph2woavlbbpk8f29nynf8/match/view/46zi9n9cnuqzisuu8kkhi7gno,Leeds,Sunderland,0,1
03/03/2026,466pxjl23ejywvtf91l2rz1n8,https://www.scoresway.com/en_GB/soccer/premier-league-2025-2026/51r6ph2woavlbbpk8f29nynf8/match/view/466pxjl23ejywvtf91l2rz1n8,Everton,Burnley,2,0
03/03/2026,4502gmnydtfejbtkeik323ztg,https://www.scoresway.com/en_GB/soccer/premier-league-2025-2026/51r6ph2woavlbbpk8f29nynf8/match/view/4502gmnydtfejbtkeik323ztg,Bournemouth,Brentford,0,0
01/03/2026,41cldzbwls4xo9gxeu50cu2vo,https://www.scoresway.com/en_GB/soccer/premier-league-2025-2026/51r6ph2woavlbbpk8f29nynf8/match/view/41cldzbwls4xo9gxeu50cu2vo,Arsenal,Chelsea,2,1
01/03/2026,43r4me2bcvm1m5xb1vy8wosgk,https://www.scoresway.com/en_GB/soccer/premier-league-2025-2026/51r6ph2woavlbbpk8f29nynf8/match/view/43r4me2bcvm1m5xb1vy8wosgk,Man Utd,Crystal Palace,2,1
01/03/2026,42jx3wx1mip1d4gb7xxr5xqms,https://www.scoresway.com/en_GB/soccer/premier-league-2025-2026/51r6ph2woavlbbpk8f29nynf8/match/view/42jx3wx1mip1d4gb7xxr5xqms,Fulham,Spurs,2,1
01/03/2026,41r0h2drg86j5w2car2sd2iac,https://www.scoresway.com/en_GB/soccer/premier-league-2025-2026/51r6ph2woavlbbpk8f29nynf8/match/view/41r0h2drg86j5w2car2sd2iac,Brighton,Nottm Forest,2,1
28/02/2026,42yc011p2ll2efprhqeeq03ys,https://www.scoresway.com/en_GB/soccer/premier-league-2025-2026/51r6ph2woavlbbpk8f29nynf8/match/view/42yc011p2ll2efprhqeeq03ys,Leeds,Man City,0,1
28/02/2026,445i93s8a7cjfevtqia52scus,https://www.scoresway.com/en_GB/soccer/premier-league-2025-2026/51r6ph2woavlbbpk8f29nynf8/match/view/445i93s8a7cjfevtqia52scus,Newcastle,Everton,2,3
28/02/2026,43ct7lmoz9mxu47u44jz0e9zo,https://www.scoresway.com/en_GB/soccer/premier-league-2025-2026/51r6ph2woavlbbpk8f29nynf8/match/view/43ct7lmoz9mxu47u44jz0e9zo,Liverpool,West Ham,5,2
28/02/2026,425ir4df7xnr0yefcph23r3mc,https://www.scoresway.com/en_GB/soccer/premier-league-2025-2026/51r6ph2woavlbbpk8f29nynf8/match/view/425ir4df7xnr0yefcph23r3mc,Burnley,Brentford,3,4
28/02/2026,40yatfakx86i41kja4gn4vmz8,https://www.scoresway.com/en_GB/soccer/premier-league-2025-2026/51r6ph2woavlbbpk8f29nynf8/match/view/40yatfakx86i41kja4gn4vmz8,Bournemouth,Sunderland,1,1
27/02/2026,44jxsnkqaul88eaewfvgylpg4,https://www.scoresway.com/en_GB/soccer/premier-league-2025-2026/51r6ph2woavlbbpk8f29nynf8/match/view/44jxsnkqaul88eaewfvgylpg4,Wolves,Aston Villa,2,0
23/02/2026,3yi90ty9u2zmemr5xrloq8ems,https://www.scoresway.com/en_GB/soccer/premier-league-2025-2026/51r6ph2woavlbbpk8f29nynf8/match/view/3yi90ty9u2zmemr5xrloq8ems,Everton,Man Utd,0,1
22/02/2026,405a2do557or1ct3j3l0vo6j8,https://www.scoresway.com/en_GB/soccer/premier-league-2025-2026/51r6ph2woavlbbpk8f29nynf8/match/view/405a2do557or1ct3j3l0vo6j8,Spurs,Arsenal,1,4
22/02/2026,3zqsl82hkajpz8q2ta9wz1ono,https://www.scoresway.com/en_GB/soccer/premier-league-2025-2026/51r6ph2woavlbbpk8f29nynf8/match/view/3zqsl82hkajpz8q2ta9wz1ono,Sunderland,Fulham,1,3
22/02/2026,3zasz9z9hjqptnazc0swjc1lg,https://www.scoresway.com/en_GB/soccer/premier-league-2025-2026/51r6ph2woavlbbpk8f29nynf8/match/view/3zasz9z9hjqptnazc0swjc1lg,Nottm Forest,Liverpool,0,1
22/02/2026,3y411aqwphh2bc1zrkkr0o74k,https://www.scoresway.com/en_GB/soccer/premier-league-2025-2026/51r6ph2woavlbbpk8f29nynf8/match/view/3y411aqwphh2bc1zrkkr0o74k,Crystal Palace,Wolves,1,0
21/02/2026,3ywhjhhi3hutlsan04ezftk44,https://www.scoresway.com/en_GB/soccer/premier-league-2025-2026/51r6ph2woavlbbpk8f29nynf8/match/view/3ywhjhhi3hutlsan04ezftk44,Man City,Newcastle,2,1
21/02/2026,40jm6cx9zwibqeklc7cxrv47o,https://www.scoresway.com/en_GB/soccer/premier-league-2025-2026/51r6ph2woavlbbpk8f29nynf8/match/view/40jm6cx9zwibqeklc7cxrv47o,West Ham,Bournemouth,0,0
21/02/2026,3xpl3ajq2hgkl8zf9qdhxru38,https://www.scoresway.com/en_GB/soccer/premier-league-2025-2026/51r6ph2woavlbbpk8f29nynf8/match/view/3xpl3ajq2hgkl8zf9qdhxru38,Chelsea,Burnley,1,1
21/02/2026,3xb9emuqqhgacprgggpb0mpec,https://www.scoresway.com/en_GB/soccer/premier-league-2025-2026/51r6ph2woavlbbpk8f29nynf8/match/view/3xb9emuqqhgacprgggpb0mpec,Brentford,Brighton,0,2
21/02/2026,3wwu6c90x5cn2qaf3glpifml0,https://www.scoresway.com/en_GB/soccer/premier-league-2025-2026/51r6ph2woavlbbpk8f29nynf8/match/view/3wwu6c90x5cn2qaf3glpifml0,Aston Villa,Leeds,1,1
12/02/2026,3ta3lmi2yhygyqebvoqytbf2s,https://www.scoresway.com/en_GB/soccer/premier-league-2025-2026/51r6ph2woavlbbpk8f29nynf8/match/view/3ta3lmi2yhygyqebvoqytbf2s,Brentford,Arsenal,1,1
11/02/2026,3vpl6ljxqj2i0rlql45trb3mc,https://www.scoresway.com/en_GB/soccer/premier-league-2025-2026/51r6ph2woavlbbpk8f29nynf8/match/view/3vpl6ljxqj2i0rlql45trb3mc,Sunderland,Liverpool,0,1
11/02/2026,3u2m2uopde63pu21w81iuhams,https://www.scoresway.com/en_GB/soccer/premier-league-2025-2026/51r6ph2woavlbbpk8f29nynf8/match/view/3u2m2uopde63pu21w81iuhams,Crystal Palace,Burnley,2,3
11/02/2026,3vb4h1eegxlpxux0jpmu8qjo4,https://www.scoresway.com/en_GB/soccer/premier-league-2025-2026/51r6ph2woavlbbpk8f29nynf8/match/view/3vb4h1eegxlpxux0jpmu8qjo4,Nottm Forest,Wolves,0,0
11/02/2026,3uwscuw3pka1nis987nbuotn8,https://www.scoresway.com/en_GB/soccer/premier-league-2025-2026/51r6ph2woavlbbpk8f29nynf8/match/view/3uwscuw3pka1nis987nbuotn8,Man City,Fulham,3,0
11/02/2026,3svx7txwxv37b2ssrf8xzbrbo,https://www.scoresway.com/en_GB/soccer/premier-league-2025-2026/51r6ph2woavlbbpk8f29nynf8/match/view/3svx7txwxv37b2ssrf8xzbrbo,Aston Villa,Brighton,1,0
10/02/2026,3wie337w5hnugj3j5iul98tuc,https://www.scoresway.com/en_GB/soccer/premier-league-2025-2026/51r6ph2woavlbbpk8f29nynf8/match/view/3wie337w5hnugj3j5iul98tuc,West Ham,Man Utd,1,1
10/02/2026,3w40rqqpfqiv06c3cp8wrsutw,https://www.scoresway.com/en_GB/soccer/premier-league-2025-2026/51r6ph2woavlbbpk8f29nynf8/match/view/3w40rqqpfqiv06c3cp8wrsutw,Spurs,Newcastle,1,2
10/02/2026,3uirakibw3ocgd5nb5cb9qs5w,https://www.scoresway.com/en_GB/soccer/premier-league-2025-2026/51r6ph2woavlbbpk8f29nynf8/match/view/3uirakibw3ocgd5nb5cb9qs5w,Everton,Bournemouth,1,2
10/02/2026,3toem7hmu4hjjz4oam9n8tf6c,https://www.scoresway.com/en_GB/soccer/premier-league-2025-2026/51r6ph2woavlbbpk8f29nynf8/match/view/3toem7hmu4hjjz4oam9n8tf6c,Chelsea,Leeds,2,2
08/02/2026,3ragu84a8rxxqwkao5j5m4mqc,https://www.scoresway.com/en_GB/soccer/premier-league-2025-2026/51r6ph2woavlbbpk8f29nynf8/match/view/3ragu84a8rxxqwkao5j5m4mqc,Liverpool,Man City,1,2
08/02/2026,3poyrzycgl2wasnyr2oomuadw,https://www.scoresway.com/en_GB/soccer/premier-league-2025-2026/51r6ph2woavlbbpk8f29nynf8/match/view/3poyrzycgl2wasnyr2oomuadw,Brighton,Crystal Palace,0,1
07/02/2026,3s39ztipo4s0wdvo7c3u3vkt0,https://www.scoresway.com/en_GB/soccer/premier-league-2025-2026/51r6ph2woavlbbpk8f29nynf8/match/view/3s39ztipo4s0wdvo7c3u3vkt0,Newcastle,Brentford,2,3
07/02/2026,3shm44q00ndakhwb37iun4il0,https://www.scoresway.com/en_GB/soccer/premier-league-2025-2026/51r6ph2woavlbbpk8f29nynf8/match/view/3shm44q00ndakhwb37iun4il0,Wolves,Chelsea,1,3
07/02/2026,3qhpjpugj6pxygbjsx1afzzmc,https://www.scoresway.com/en_GB/soccer/premier-league-2025-2026/51r6ph2woavlbbpk8f29nynf8/match/view/3qhpjpugj6pxygbjsx1afzzmc,Fulham,Everton,1,2
07/02/2026,3q3aty8h6jo21pnx4k7y0df6c,https://www.scoresway.com/en_GB/soccer/premier-league-2025-2026/51r6ph2woavlbbpk8f29nynf8/match/view/3q3aty8h6jo21pnx4k7y0df6c,Burnley,West Ham,0,2
07/02/2026,3oumjz6zimfaum3qm0wemcljo,https://www.scoresway.com/en_GB/soccer/premier-league-2025-2026/51r6ph2woavlbbpk8f29nynf8/match/view/3oumjz6zimfaum3qm0wemcljo,Bournemouth,Aston Villa,1,1
07/02/2026,3paqoync1x6ffgogsb85v15p0,https://www.scoresway.com/en_GB/soccer/premier-league-2025-2026/51r6ph2woavlbbpk8f29nynf8/match/view/3paqoync1x6ffgogsb85v15p0,Arsenal,Sunderland,3,0
07/02/2026,3rou9cxtiqeutcjm1moskftas,https://www.scoresway.com/en_GB/soccer/premier-league-2025-2026/51r6ph2woavlbbpk8f29nynf8/match/view/3rou9cxtiqeutcjm1moskftas,Man Utd,Spurs,2,0
06/02/2026,3qw16j6k296sa9iw7ghei67mc,https://www.scoresway.com/en_GB/soccer/premier-league-2025-2026/51r6ph2woavlbbpk8f29nynf8/match/view/3qw16j6k296sa9iw7ghei67mc,Leeds,Nottm Forest,3,1
02/02/2026,3nni7s0t32dzfr5vzeqhxnvv8,https://www.scoresway.com/en_GB/soccer/premier-league-2025-2026/51r6ph2woavlbbpk8f29nynf8/match/view/3nni7s0t32dzfr5vzeqhxnvv8,Sunderland,Burnley,3,0
01/02/2026,3o1on3ufinfu3kop2z2v3sb2s,https://www.scoresway.com/en_GB/soccer/premier-league-2025-2026/51r6ph2woavlbbpk8f29nynf8/match/view/3o1on3ufinfu3kop2z2v3sb2s,Spurs,Man City,2,2
01/02/2026,3n8x316zpoxt8khcltmh5l89g,https://www.scoresway.com/en_GB/soccer/premier-league-2025-2026/51r6ph2woavlbbpk8f29nynf8/match/view/3n8x316zpoxt8khcltmh5l89g,Nottm Forest,Crystal Palace,1,1
01/02/2026,3mupduyj99i9jq4xrg9rneoes,https://www.scoresway.com/en_GB/soccer/premier-league-2025-2026/51r6ph2woavlbbpk8f29nynf8/match/view/3mupduyj99i9jq4xrg9rneoes,Man Utd,Fulham,3,2
01/02/2026,3kv7dtapynhbnlfenn593qrro,https://www.scoresway.com/en_GB/soccer/premier-league-2025-2026/51r6ph2woavlbbpk8f29nynf8/match/view/3kv7dtapynhbnlfenn593qrro,Aston Villa,Brentford,0,1
31/01/2026,3mgg86hgrlwba3qazktbvu32s,https://www.scoresway.com/en_GB/soccer/premier-league-2025-2026/51r6ph2woavlbbpk8f29nynf8/match/view/3mgg86hgrlwba3qazktbvu32s,Liverpool,Newcastle,4,1
31/01/2026,3lo06021zsa2gsp9jqmdu2e50,https://www.scoresway.com/en_GB/soccer/premier-league-2025-2026/51r6ph2woavlbbpk8f29nynf8/match/view/3lo06021zsa2gsp9jqmdu2e50,Chelsea,West Ham,3,2
31/01/2026,3og5mbd492mkhswazzh5b6sr8,https://www.scoresway.com/en_GB/soccer/premier-league-2025-2026/51r6ph2woavlbbpk8f29nynf8/match/view/3og5mbd492mkhswazzh5b6sr8,Wolves,Bournemouth,0,2
31/01/2026,3m29fhxvog8hxn10pfyhgs0lw,https://www.scoresway.com/en_GB/soccer/premier-league-2025-2026/51r6ph2woavlbbpk8f29nynf8/match/view/3m29fhxvog8hxn10pfyhgs0lw,Leeds,Arsenal,0,4
31/01/2026,3l9k0znksnhr6n21grjymo6qc,https://www.scoresway.com/en_GB/soccer/premier-league-2025-2026/51r6ph2woavlbbpk8f29nynf8/match/view/3l9k0znksnhr6n21grjymo6qc,Brighton,Everton,1,1
26/01/2026,3itbneix35u519v2wie4e72fo,https://www.scoresway.com/en_GB/soccer/premier-league-2025-2026/51r6ph2woavlbbpk8f29nynf8/match/view/3itbneix35u519v2wie4e72fo,Everton,Leeds,1,1
25/01/2026,3h7uw06wrdggi4gvmvcm40xlg,https://www.scoresway.com/en_GB/soccer/premier-league-2025-2026/51r6ph2woavlbbpk8f29nynf8/match/view/3h7uw06wrdggi4gvmvcm40xlg,Arsenal,Man Utd,2,3
25/01/2026,3k2ibirklvkg90wph6rpw3fo4,https://www.scoresway.com/en_GB/soccer/premier-league-2025-2026/51r6ph2woavlbbpk8f29nynf8/match/view/3k2ibirklvkg90wph6rpw3fo4,Newcastle,Aston Villa,0,2
25/01/2026,3iezhys6o0o727757ymaskwlw,https://www.scoresway.com/en_GB/soccer/premier-league-2025-2026/51r6ph2woavlbbpk8f29nynf8/match/view/3iezhys6o0o727757ymaskwlw,Crystal Palace,Chelsea,1,3
25/01/2026,3hm43jg83vt9ppz1555taod1w,https://www.scoresway.com/en_GB/soccer/premier-league-2025-2026/51r6ph2woavlbbpk8f29nynf8/match/view/3hm43jg83vt9ppz1555taod1w,Brentford,Nottm Forest,0,2
24/01/2026,3gtoqvshayt6sh95nezlvv3f8,https://www.scoresway.com/en_GB/soccer/premier-league-2025-2026/51r6ph2woavlbbpk8f29nynf8/match/view/3gtoqvshayt6sh95nezlvv3f8,Bournemouth,Liverpool,3,2
24/01/2026,3jmfogrcihpuf81y4u5jxwcus,https://www.scoresway.com/en_GB/soccer/premier-league-2025-2026/51r6ph2woavlbbpk8f29nynf8/match/view/3jmfogrcihpuf81y4u5jxwcus,Man City,Wolves,2,0
24/01/2026,3j7tp9n0yhxrv1kpyax05gy6s,https://www.scoresway.com/en_GB/soccer/premier-league-2025-2026/51r6ph2woavlbbpk8f29nynf8/match/view/3j7tp9n0yhxrv1kpyax05gy6s,Fulham,Brighton,2,1
24/01/2026,3i0jjy5mz3gaav1oegad5km50,https://www.scoresway.com/en_GB/soccer/premier-league-2025-2026/51r6ph2woavlbbpk8f29nynf8/match/view/3i0jjy5mz3gaav1oegad5km50,Burnley,Spurs,2,2
24/01/2026,3kgyje0fob0ewyybop6jpsg7o,https://www.scoresway.com/en_GB/soccer/premier-league-2025-2026/51r6ph2woavlbbpk8f29nynf8/match/view/3kgyje0fob0ewyybop6jpsg7o,West Ham,Sunderland,3,1
19/01/2026,3d7g431b3ctu2tnap650l82z8,https://www.scoresway.com/en_GB/soccer/premier-league-2025-2026/51r6ph2woavlbbpk8f29nynf8/match/view/3d7g431b3ctu2tnap650l82z8,Brighton,Bournemouth,1,1
18/01/2026,3ct939qzdftivbq21826zay38,https://www.scoresway.com/en_GB/soccer/premier-league-2025-2026/51r6ph2woavlbbpk8f29nynf8/match/view/3ct939qzdftivbq21826zay38,Aston Villa,Everton,0,1
18/01/2026,3gfh9sdmqnarb19nqc9t21xjo,https://www.scoresway.com/en_GB/soccer/premier-league-2025-2026/51r6ph2woavlbbpk8f29nynf8/match/view/3gfh9sdmqnarb19nqc9t21xjo,Wolves,Newcastle,0,0
17/01/2026,3f8kheyscdow1tquwqldlvi1g,https://www.scoresway.com/en_GB/soccer/premier-league-2025-2026/51r6ph2woavlbbpk8f29nynf8/match/view/3f8kheyscdow1tquwqldlvi1g,Nottm Forest,Arsenal,0,0
17/01/2026,3fmx6o7s1rd46n02lztt5yec4,https://www.scoresway.com/en_GB/soccer/premier-league-2025-2026/51r6ph2woavlbbpk8f29nynf8/match/view/3fmx6o7s1rd46n02lztt5yec4,Sunderland,Crystal Palace,2,1
17/01/2026,3g18illc142v29rp9dtc5w4yc,https://www.scoresway.com/en_GB/soccer/premier-league-2025-2026/51r6ph2woavlbbpk8f29nynf8/match/view/3g18illc142v29rp9dtc5w4yc,Spurs,West Ham,1,2
17/01/2026,3eecd8pdxffpy5om18zmki51w,https://www.scoresway.com/en_GB/soccer/premier-league-2025-2026/51r6ph2woavlbbpk8f29nynf8/match/view/3eecd8pdxffpy5om18zmki51w,Liverpool,Burnley,1,1
17/01/2026,3e02p7upavgzcp7hlm9ie1xjo,https://www.scoresway.com/en_GB/soccer/premier-league-2025-2026/51r6ph2woavlbbpk8f29nynf8/match/view/3e02p7upavgzcp7hlm9ie1xjo,Leeds,Fulham,1,0
17/01/2026,3dlnunu8dl6de213ygwkac6j8,https://www.scoresway.com/en_GB/soccer/premier-league-2025-2026/51r6ph2woavlbbpk8f29nynf8/match/view/3dlnunu8dl6de213ygwkac6j8,Chelsea,Brentford,2,0
17/01/2026,3euckq6g15mkb2d6jes5yi68k,https://www.scoresway.com/en_GB/soccer/premier-league-2025-2026/51r6ph2woavlbbpk8f29nynf8/match/view/3euckq6g15mkb2d6jes5yi68k,Man Utd,Man City,2,0
08/01/2026,396bo5t5fzkfqcmcj0rlhtez8,https://www.scoresway.com/en_GB/soccer/premier-league-2025-2026/51r6ph2woavlbbpk8f29nynf8/match/view/396bo5t5fzkfqcmcj0rlhtez8,Arsenal,Liverpool,0,0
07/01/2026,3c0qyvaoqkjrr55urxhrc7w2c,https://www.scoresway.com/en_GB/soccer/premier-league-2025-2026/51r6ph2woavlbbpk8f29nynf8/match/view/3c0qyvaoqkjrr55urxhrc7w2c,Newcastle,Leeds,4,3
07/01/2026,3a1d79a5mxnvo53se2vrxwphw,https://www.scoresway.com/en_GB/soccer/premier-league-2025-2026/51r6ph2woavlbbpk8f29nynf8/match/view/3a1d79a5mxnvo53se2vrxwphw,Burnley,Man Utd,2,2
07/01/2026,3bmnia1jn5bzt2z4pea3yr66s,https://www.scoresway.com/en_GB/soccer/premier-league-2025-2026/51r6ph2woavlbbpk8f29nynf8/match/view/3bmnia1jn5bzt2z4pea3yr66s,Man City,Brighton,1,1
07/01/2026,3b88lgitioom79f9582v671n8,https://www.scoresway.com/en_GB/soccer/premier-league-2025-2026/51r6ph2woavlbbpk8f29nynf8/match/view/3b88lgitioom79f9582v671n8,Fulham,Chelsea,2,1
07/01/2026,3au1w5lkneqtronv94afy8nbo,https://www.scoresway.com/en_GB/soccer/premier-league-2025-2026/51r6ph2woavlbbpk8f29nynf8/match/view/3au1w5lkneqtronv94afy8nbo,Everton,Wolves,1,1
07/01/2026,3afrzte12aqm9s7vesbrx8h78,https://www.scoresway.com/en_GB/soccer/premier-league-2025-2026/51r6ph2woavlbbpk8f29nynf8/match/view/3afrzte12aqm9s7vesbrx8h78,Crystal Palace,Aston Villa,0,0
07/01/2026,39miak5jrvirotdvy8525nxg4,https://www.scoresway.com/en_GB/soccer/premier-league-2025-2026/51r6ph2woavlbbpk8f29nynf8/match/view/39miak5jrvirotdvy8525nxg4,Brentford,Sunderland,3,0
07/01/2026,38s04imjp5pt7ig6ua3yuu42c,https://www.scoresway.com/en_GB/soccer/premier-league-2025-2026/51r6ph2woavlbbpk8f29nynf8/match/view/38s04imjp5pt7ig6ua3yuu42c,Bournemouth,Spurs,3,2
06/01/2026,3ceydebj8oya7h7yie1v8ehw4,https://www.scoresway.com/en_GB/soccer/premier-league-2025-2026/51r6ph2woavlbbpk8f29nynf8/match/view/3ceydebj8oya7h7yie1v8ehw4,West Ham,Nottm Forest,1,2
04/01/2026,376x4oj5st9ovcbc0cdsuxxjo,https://www.scoresway.com/en_GB/soccer/premier-league-2025-2026/51r6ph2woavlbbpk8f29nynf8/match/view/376x4oj5st9ovcbc0cdsuxxjo,Man City,Chelsea,1,1
04/01/2026,36e9umplcfioh9jroyvcwq0pg,https://www.scoresway.com/en_GB/soccer/premier-league-2025-2026/51r6ph2woavlbbpk8f29nynf8/match/view/36e9umplcfioh9jroyvcwq0pg,Fulham,Liverpool,2,2
04/01/2026,37zge870saq1q1a4h6e3ctedw,https://www.scoresway.com/en_GB/soccer/premier-league-2025-2026/51r6ph2woavlbbpk8f29nynf8/match/view/37zge870saq1q1a4h6e3ctedw,Spurs,Sunderland,1,1
04/01/2026,37l8kxo29u6vg1gozdubqpmvo,https://www.scoresway.com/en_GB/soccer/premier-league-2025-2026/51r6ph2woavlbbpk8f29nynf8/match/view/37l8kxo29u6vg1gozdubqpmvo,Newcastle,Crystal Palace,2,0
04/01/2026,35zvgdgoufjbcg1zsgcev26tw,https://www.scoresway.com/en_GB/soccer/premier-league-2025-2026/51r6ph2woavlbbpk8f29nynf8/match/view/35zvgdgoufjbcg1zsgcev26tw,Everton,Brentford,2,4
04/01/2026,36sm5uwycnu4y21bqg6fdnc44,https://www.scoresway.com/en_GB/soccer/premier-league-2025-2026/51r6ph2woavlbbpk8f29nynf8/match/view/36sm5uwycnu4y21bqg6fdnc44,Leeds,Man Utd,1,1
03/01/2026,34oxxtv9gbzl6xcda8ldgnz84,https://www.scoresway.com/en_GB/soccer/premier-league-2025-2026/51r6ph2woavlbbpk8f29nynf8/match/view/34oxxtv9gbzl6xcda8ldgnz84,Bournemouth,Arsenal,2,3
03/01/2026,38dsv1tizwamlvrhj135h91qs,https://www.scoresway.com/en_GB/soccer/premier-league-2025-2026/51r6ph2woavlbbpk8f29nynf8/match/view/38dsv1tizwamlvrhj135h91qs,Wolves,West Ham,3,0
03/01/2026,35lmyprx2hz72h9xyegf2n1n8,https://www.scoresway.com/en_GB/soccer/premier-league-2025-2026/51r6ph2woavlbbpk8f29nynf8/match/view/35lmyprx2hz72h9xyegf2n1n8,Brighton,Burnley,2,0
03/01/2026,357eizfkgyefy02ssrpa1yb6c,https://www.scoresway.com/en_GB/soccer/premier-league-2025-2026/51r6ph2woavlbbpk8f29nynf8/match/view/357eizfkgyefy02ssrpa1yb6c,Aston Villa,Nottm Forest,3,1
01/01/2026,33mddkzucn8g1zl6swwenocus,https://www.scoresway.com/en_GB/soccer/premier-league-2025-2026/51r6ph2woavlbbpk8f29nynf8/match/view/33mddkzucn8g1zl6swwenocus,Sunderland,Man City,0,0
01/01/2026,30u45n5nmbx3jivwb5yg3y2vo,https://www.scoresway.com/en_GB/soccer/premier-league-2025-2026/51r6ph2woavlbbpk8f29nynf8/match/view/30u45n5nmbx3jivwb5yg3y2vo,Brentford,Spurs,0,0
01/01/2026,32fdg42hguqxx71l16b9qahp0,https://www.scoresway.com/en_GB/soccer/premier-league-2025-2026/51r6ph2woavlbbpk8f29nynf8/match/view/32fdg42hguqxx71l16b9qahp0,Liverpool,Leeds,0,0
01/01/2026,3213l7phvb9z5fvoks5hkjnkk,https://www.scoresway.com/en_GB/soccer/premier-league-2025-2026/51r6ph2woavlbbpk8f29nynf8/match/view/3213l7phvb9z5fvoks5hkjnkk,Crystal Palace,Fulham,1,1
30/12/2025,32tmyy818d2gsssvn24xizwno,https://www.scoresway.com/en_GB/soccer/premier-league-2025-2026/51r6ph2woavlbbpk8f29nynf8/match/view/32tmyy818d2gsssvn24xizwno,Man Utd,Wolves,1,1
30/12/2025,30fwl59qqa9t2ospcpwuytdzo,https://www.scoresway.com/en_GB/soccer/premier-league-2025-2026/51r6ph2woavlbbpk8f29nynf8/match/view/30fwl59qqa9t2ospcpwuytdzo,Arsenal,Aston Villa,4,1
30/12/2025,349efhlgerz5unwomykdoyk2c,https://www.scoresway.com/en_GB/soccer/premier-league-2025-2026/51r6ph2woavlbbpk8f29nynf8/match/view/349efhlgerz5unwomykdoyk2c,West Ham,Brighton,2,2
30/12/2025,3388syfjeclm4i0tu0eonmk2c,https://www.scoresway.com/en_GB/soccer/premier-league-2025-2026/51r6ph2woavlbbpk8f29nynf8/match/view/3388syfjeclm4i0tu0eonmk2c,Nottm Forest,Everton,0,2
30/12/2025,31msgzpmlihovrfon2pdnjjtg,https://www.scoresway.com/en_GB/soccer/premier-league-2025-2026/51r6ph2woavlbbpk8f29nynf8/match/view/31msgzpmlihovrfon2pdnjjtg,Chelsea,Bournemouth,2,2
30/12/2025,318bi20a3b1kac2q6hasanf2s,https://www.scoresway.com/en_GB/soccer/premier-league-2025-2026/51r6ph2woavlbbpk8f29nynf8/match/view/318bi20a3b1kac2q6hasanf2s,Burnley,Newcastle,1,3
28/12/2025,2y0iw6uupiyuw2f7smry1v5ec,https://www.scoresway.com/en_GB/soccer/premier-league-2025-2026/51r6ph2woavlbbpk8f29nynf8/match/view/2y0iw6uupiyuw2f7smry1v5ec,Crystal Palace,Spurs,0,1
28/12/2025,2znj52xnfa1uxidhp2c3thd78,https://www.scoresway.com/en_GB/soccer/premier-league-2025-2026/51r6ph2woavlbbpk8f29nynf8/match/view/2znj52xnfa1uxidhp2c3thd78,Sunderland,Leeds,1,1
27/12/2025,2xlqv4x38vvtjo11rv7w9sowk,https://www.scoresway.com/en_GB/soccer/premier-league-2025-2026/51r6ph2woavlbbpk8f29nynf8/match/view/2xlqv4x38vvtjo11rv7w9sowk,Chelsea,Aston Villa,1,2
27/12/2025,301qv7qh7f68fs8msq82ki51w,https://www.scoresway.com/en_GB/soccer/premier-league-2025-2026/51r6ph2woavlbbpk8f29nynf8/match/view/301qv7qh7f68fs8msq82ki51w,West Ham,Fulham,0,1
27/12/2025,2yevv68uq8792c85hcq3xhiqc,https://www.scoresway.com/en_GB/soccer/premier-league-2025-2026/51r6ph2woavlbbpk8f29nynf8/match/view/2yevv68uq8792c85hcq3xhiqc,Liverpool,Wolves,2,1
27/12/2025,2x6nvplhpa9ug01emqlyl1d78,https://www.scoresway.com/en_GB/soccer/premier-league-2025-2026/51r6ph2woavlbbpk8f29nynf8/match/view/2x6nvplhpa9ug01emqlyl1d78,Burnley,Everton,0,0
27/12/2025,2wsp462b52gxk2tjm26x7vehg,https://www.scoresway.com/en_GB/soccer/premier-league-2025-2026/51r6ph2woavlbbpk8f29nynf8/match/view/2wsp462b52gxk2tjm26x7vehg,Brentford,Bournemouth,4,1
27/12/2025,2wehv0cptselv086q8jud4hec,https://www.scoresway.com/en_GB/soccer/premier-league-2025-2026/51r6ph2woavlbbpk8f29nynf8/match/view/2wehv0cptselv086q8jud4hec,Arsenal,Brighton,2,1
27/12/2025,2z98uvv8ew6frqtuw6byswkyc,https://www.scoresway.com/en_GB/soccer/premier-league-2025-2026/51r6ph2woavlbbpk8f29nynf8/match/view/2z98uvv8ew6frqtuw6byswkyc,Nottm Forest,Man City,1,2
26/12/2025,2yuulrtp37mbqe9rok936lslw,https://www.scoresway.com/en_GB/soccer/premier-league-2025-2026/51r6ph2woavlbbpk8f29nynf8/match/view/2yuulrtp37mbqe9rok936lslw,Man Utd,Newcastle,1,0
22/12/2025,2u05w864nrk2n7f7xxb2dvfo4,https://www.scoresway.com/en_GB/soccer/premier-league-2025-2026/51r6ph2woavlbbpk8f29nynf8/match/view/2u05w864nrk2n7f7xxb2dvfo4,Fulham,Nottm Forest,1,0
21/12/2025,2sqsn3aeeuy6wzu7i0d7xxbmc,https://www.scoresway.com/en_GB/soccer/premier-league-2025-2026/51r6ph2woavlbbpk8f29nynf8/match/view/2sqsn3aeeuy6wzu7i0d7xxbmc,Aston Villa,Man Utd,2,1
20/12/2025,2ueejizhur6zh8io313s28mj8,https://www.scoresway.com/en_GB/soccer/premier-league-2025-2026/51r6ph2woavlbbpk8f29nynf8/match/view/2ueejizhur6zh8io313s28mj8,Leeds,Crystal Palace,4,1
20/12/2025,2tm0x6wlasz3xmigxsq5f6c5w,https://www.scoresway.com/en_GB/soccer/premier-league-2025-2026/51r6ph2woavlbbpk8f29nynf8/match/view/2tm0x6wlasz3xmigxsq5f6c5w,Everton,Arsenal,0,1
20/12/2025,2vllrascd71vbiav6po9eg36c,https://www.scoresway.com/en_GB/soccer/premier-league-2025-2026/51r6ph2woavlbbpk8f29nynf8/match/view/2vllrascd71vbiav6po9eg36c,Spurs,Liverpool,1,2
20/12/2025,2w06t64qae19l0yny98uq21hw,https://www.scoresway.com/en_GB/soccer/premier-league-2025-2026/51r6ph2woavlbbpk8f29nynf8/match/view/2w06t64qae19l0yny98uq21hw,Wolves,Brentford,0,2
20/12/2025,2ust52gpo2ahhjz76xjxcymfo,https://www.scoresway.com/en_GB/soccer/premier-league-2025-2026/51r6ph2woavlbbpk8f29nynf8/match/view/2ust52gpo2ahhjz76xjxcymfo,Man City,West Ham,3,0
20/12/2025,2t4sfm8vkxm4bw7hxyko3kqhg,https://www.scoresway.com/en_GB/soccer/premier-league-2025-2026/51r6ph2woavlbbpk8f29nynf8/match/view/2t4sfm8vkxm4bw7hxyko3kqhg,Brighton,Sunderland,0,0
20/12/2025,2s81w4s408kw8ji84hnhmy7tg,https://www.scoresway.com/en_GB/soccer/premier-league-2025-2026/51r6ph2woavlbbpk8f29nynf8/match/view/2s81w4s408kw8ji84hnhmy7tg,Bournemouth,Burnley,1,1
20/12/2025,2v77t3k2p2nosucadlbbyln2s,https://www.scoresway.com/en_GB/soccer/premier-league-2025-2026/51r6ph2woavlbbpk8f29nynf8/match/view/2v77t3k2p2nosucadlbbyln2s,Newcastle,Chelsea,2,2
15/12/2025,2qnbwtbl7eh08dh64ii9icqac,https://www.scoresway.com/en_GB/soccer/premier-league-2025-2026/51r6ph2woavlbbpk8f29nynf8/match/view/2qnbwtbl7eh08dh64ii9icqac,Man Utd,Bournemouth,4,4
14/12/2025,2oo4yru8uymi9bjbi0aq2ttsk,https://www.scoresway.com/en_GB/soccer/premier-league-2025-2026/51r6ph2woavlbbpk8f29nynf8/match/view/2oo4yru8uymi9bjbi0aq2ttsk,Brentford,Leeds,1,1
14/12/2025,2rtvt6opul8reok9mj5nwtafo,https://www.scoresway.com/en_GB/soccer/premier-league-2025-2026/51r6ph2woavlbbpk8f29nynf8/match/view/2rtvt6opul8reok9mj5nwtafo,West Ham,Aston Villa,2,3
14/12/2025,2rflgdqj3a1glfb3i6jg0874k,https://www.scoresway.com/en_GB/soccer/premier-league-2025-2026/51r6ph2woavlbbpk8f29nynf8/match/view/2rflgdqj3a1glfb3i6jg0874k,Sunderland,Newcastle,1,0
14/12/2025,2r1kc0oaxedob4lcuth1o6n10,https://www.scoresway.com/en_GB/soccer/premier-league-2025-2026/51r6ph2woavlbbpk8f29nynf8/match/view/2r1kc0oaxedob4lcuth1o6n10,Nottm Forest,Spurs,3,0
14/12/2025,2puvu6w2xhmlm3xgj1fqihpn8,https://www.scoresway.com/en_GB/soccer/premier-league-2025-2026/51r6ph2woavlbbpk8f29nynf8/match/view/2puvu6w2xhmlm3xgj1fqihpn8,Crystal Palace,Man City,0,3
13/12/2025,2o9v97aqrj9rmg20rell04xec,https://www.scoresway.com/en_GB/soccer/premier-league-2025-2026/51r6ph2woavlbbpk8f29nynf8/match/view/2o9v97aqrj9rmg20rell04xec,Arsenal,Wolves,2,1
13/12/2025,2p2bn6raq23z2z9d2ubzelkpg,https://www.scoresway.com/en_GB/soccer/premier-league-2025-2026/51r6ph2woavlbbpk8f29nynf8/match/view/2p2bn6raq23z2z9d2ubzelkpg,Burnley,Fulham,2,3
13/12/2025,2q92uqkqy5i0jfjhwel7jygb8,https://www.scoresway.com/en_GB/soccer/premier-league-2025-2026/51r6ph2woavlbbpk8f29nynf8/match/view/2q92uqkqy5i0jfjhwel7jygb8,Liverpool,Brighton,2,0
13/12/2025,2pgl50uph4ipirpsal60030no,https://www.scoresway.com/en_GB/soccer/premier-league-2025-2026/51r6ph2woavlbbpk8f29nynf8/match/view/2pgl50uph4ipirpsal60030no,Chelsea,Everton,2,0
08/12/2025,2ntyu72wz8vu95ocn09cwlmok,https://www.scoresway.com/en_GB/soccer/premier-league-2025-2026/51r6ph2woavlbbpk8f29nynf8/match/view/2ntyu72wz8vu95ocn09cwlmok,Wolves,Man Utd,1,4
07/12/2025,2luiolpt1jy5d28eus95spudw,https://www.scoresway.com/en_GB/soccer/premier-league-2025-2026/51r6ph2woavlbbpk8f29nynf8/match/view/2luiolpt1jy5d28eus95spudw,Fulham,Crystal Palace,1,2
07/12/2025,2l1z9guhdnudlxt9jex7xe0b8,https://www.scoresway.com/en_GB/soccer/premier-league-2025-2026/51r6ph2woavlbbpk8f29nynf8/match/view/2l1z9guhdnudlxt9jex7xe0b8,Brighton,West Ham,1,1
06/12/2025,2m8ovduzz3fvy0pu82to85p1w,https://www.scoresway.com/en_GB/soccer/premier-league-2025-2026/51r6ph2woavlbbpk8f29nynf8/match/view/2m8ovduzz3fvy0pu82to85p1w,Leeds,Liverpool,3,3
06/12/2025,2nfh5mrn0tysgea5b9nvvrpqs,https://www.scoresway.com/en_GB/soccer/premier-league-2025-2026/51r6ph2woavlbbpk8f29nynf8/match/view/2nfh5mrn0tysgea5b9nvvrpqs,Spurs,Brentford,2,0
06/12/2025,2n182o0lrejh5jb4rvzo16sd0,https://www.scoresway.com/en_GB/soccer/premier-league-2025-2026/51r6ph2woavlbbpk8f29nynf8/match/view/2n182o0lrejh5jb4rvzo16sd0,Newcastle,Burnley,2,1
06/12/2025,2mn02i70sx3s7vcdf62kpucyc,https://www.scoresway.com/en_GB/soccer/premier-league-2025-2026/51r6ph2woavlbbpk8f29nynf8/match/view/2mn02i70sx3s7vcdf62kpucyc,Man City,Sunderland,3,0
06/12/2025,2lg6ykirik1f39oafrhu2wzkk,https://www.scoresway.com/en_GB/soccer/premier-league-2025-2026/51r6ph2woavlbbpk8f29nynf8/match/view/2lg6ykirik1f39oafrhu2wzkk,Everton,Nottm Forest,3,0
06/12/2025,2k9n6m479giqdf2noxajr3uvo,https://www.scoresway.com/en_GB/soccer/premier-league-2025-2026/51r6ph2woavlbbpk8f29nynf8/match/view/2k9n6m479giqdf2noxajr3uvo,Bournemouth,Chelsea,0,0
06/12/2025,2knvskhww99qrbj71gbu13578,https://www.scoresway.com/en_GB/soccer/premier-league-2025-2026/51r6ph2woavlbbpk8f29nynf8/match/view/2knvskhww99qrbj71gbu13578,Aston Villa,Arsenal,2,1
04/12/2025,2j3cj5hutmxhlj7ggvbwzi0ic,https://www.scoresway.com/en_GB/soccer/premier-league-2025-2026/51r6ph2woavlbbpk8f29nynf8/match/view/2j3cj5hutmxhlj7ggvbwzi0ic,Man Utd,West Ham,1,1
03/12/2025,2inc8vql65bi2clvs6z2buqs4,https://www.scoresway.com/en_GB/soccer/premier-league-2025-2026/51r6ph2woavlbbpk8f29nynf8/match/view/2inc8vql65bi2clvs6z2buqs4,Liverpool,Sunderland,1,1
03/12/2025,2i90v94i0xjbp0sem4bn698no,https://www.scoresway.com/en_GB/soccer/premier-league-2025-2026/51r6ph2woavlbbpk8f29nynf8/match/view/2i90v94i0xjbp0sem4bn698no,Leeds,Chelsea,3,1
03/12/2025,2jviknbx9xlpifeu3a3qmq49g,https://www.scoresway.com/en_GB/soccer/premier-league-2025-2026/51r6ph2woavlbbpk8f29nynf8/match/view/2jviknbx9xlpifeu3a3qmq49g,Wolves,Nottm Forest,0,1
03/12/2025,2hghh7367z6k3uoysqts4uwwk,https://www.scoresway.com/en_GB/soccer/premier-league-2025-2026/51r6ph2woavlbbpk8f29nynf8/match/view/2hghh7367z6k3uoysqts4uwwk,Burnley,Crystal Palace,0,1
03/12/2025,2h2egsrc2jf9ocgrjt9zsgr9w,https://www.scoresway.com/en_GB/soccer/premier-league-2025-2026/51r6ph2woavlbbpk8f29nynf8/match/view/2h2egsrc2jf9ocgrjt9zsgr9w,Brighton,Aston Villa,3,4
03/12/2025,2gktdb7h1jkkld873ss0s0kyc,https://www.scoresway.com/en_GB/soccer/premier-league-2025-2026/51r6ph2woavlbbpk8f29nynf8/match/view/2gktdb7h1jkkld873ss0s0kyc,Arsenal,Brentford,2,0
02/12/2025,2jhdb63xvcht5ml1hmxtjvv2s,https://www.scoresway.com/en_GB/soccer/premier-league-2025-2026/51r6ph2woavlbbpk8f29nynf8/match/view/2jhdb63xvcht5ml1hmxtjvv2s,Newcastle,Spurs,2,2
02/12/2025,2huqn7q2qf5wv5w6t7zntjh1w,https://www.scoresway.com/en_GB/soccer/premier-league-2025-2026/51r6ph2woavlbbpk8f29nynf8/match/view/2huqn7q2qf5wv5w6t7zntjh1w,Fulham,Man City,4,5
02/12/2025,2g6nccszuuullvt32g4sw7o5w,https://www.scoresway.com/en_GB/soccer/premier-league-2025-2026/51r6ph2woavlbbpk8f29nynf8/match/view/2g6nccszuuullvt32g4sw7o5w,Bournemouth,Everton,0,1
30/11/2025,2cz22hrl9l7pesg0j8977wrh0,https://www.scoresway.com/en_GB/soccer/premier-league-2025-2026/51r6ph2woavlbbpk8f29nynf8/match/view/2cz22hrl9l7pesg0j8977wrh0,Chelsea,Arsenal,1,1
30/11/2025,2fsbzlzf6ux1buhi1t67cquqc,https://www.scoresway.com/en_GB/soccer/premier-league-2025-2026/51r6ph2woavlbbpk8f29nynf8/match/view/2fsbzlzf6ux1buhi1t67cquqc,West Ham,Liverpool,0,2
30/11/2025,2elw5n9p340grwmafewg25afo,https://www.scoresway.com/en_GB/soccer/premier-league-2025-2026/51r6ph2woavlbbpk8f29nynf8/match/view/2elw5n9p340grwmafewg25afo,Nottm Forest,Brighton,0,2
30/11/2025,2c6en0pmvpp4ltcnwp8nprhg4,https://www.scoresway.com/en_GB/soccer/premier-league-2025-2026/51r6ph2woavlbbpk8f29nynf8/match/view/2c6en0pmvpp4ltcnwp8nprhg4,Aston Villa,Wolves,1,0
30/11/2025,2ddgt0wgk8212ask4bgjokqac,https://www.scoresway.com/en_GB/soccer/premier-league-2025-2026/51r6ph2woavlbbpk8f29nynf8/match/view/2ddgt0wgk8212ask4bgjokqac,Crystal Palace,Man Utd,1,2
29/11/2025,2fe6zf414gquq687ftwrxeplg,https://www.scoresway.com/en_GB/soccer/premier-league-2025-2026/51r6ph2woavlbbpk8f29nynf8/match/view/2fe6zf414gquq687ftwrxeplg,Spurs,Fulham,1,2
29/11/2025,2dtb3yy77hupqm5w6d9jlvpxw,https://www.scoresway.com/en_GB/soccer/premier-league-2025-2026/51r6ph2woavlbbpk8f29nynf8/match/view/2dtb3yy77hupqm5w6d9jlvpxw,Everton,Newcastle,1,4
29/11/2025,2f01ug9ijcjd3uj26q8fe3bbo,https://www.scoresway.com/en_GB/soccer/premier-league-2025-2026/51r6ph2woavlbbpk8f29nynf8/match/view/2f01ug9ijcjd3uj26q8fe3bbo,Sunderland,Bournemouth,3,2
29/11/2025,2e7k8n5g5qy61sq7e9nzw6djo,https://www.scoresway.com/en_GB/soccer/premier-league-2025-2026/51r6ph2woavlbbpk8f29nynf8/match/view/2e7k8n5g5qy61sq7e9nzw6djo,Man City,Leeds,3,2
29/11/2025,2ckrxonh0xhlk5zh2hd42xk44,https://www.scoresway.com/en_GB/soccer/premier-league-2025-2026/51r6ph2woavlbbpk8f29nynf8/match/view/2ckrxonh0xhlk5zh2hd42xk44,Brentford,Burnley,3,1
24/11/2025,2azh9qqutb89iadfek7774ufo,https://www.scoresway.com/en_GB/soccer/premier-league-2025-2026/51r6ph2woavlbbpk8f29nynf8/match/view/2azh9qqutb89iadfek7774ufo,Man Utd,Everton,0,1
23/11/2025,28m9dl3dg3b2kv50yxgrt2sk4,https://www.scoresway.com/en_GB/soccer/premier-league-2025-2026/51r6ph2woavlbbpk8f29nynf8/match/view/28m9dl3dg3b2kv50yxgrt2sk4,Arsenal,Spurs,4,1
23/11/2025,2a6yd5amo1do5nul3ia6yhg5w,https://www.scoresway.com/en_GB/soccer/premier-league-2025-2026/51r6ph2woavlbbpk8f29nynf8/match/view/2a6yd5amo1do5nul3ia6yhg5w,Leeds,Aston Villa,1,2
22/11/2025,2be0iellzfr9f97wvwb3qf6s4,https://www.scoresway.com/en_GB/soccer/premier-league-2025-2026/51r6ph2woavlbbpk8f29nynf8/match/view/2be0iellzfr9f97wvwb3qf6s4,Newcastle,Man City,2,1
22/11/2025,2bs4mjzwplzl04w7940las4yc,https://www.scoresway.com/en_GB/soccer/premier-league-2025-2026/51r6ph2woavlbbpk8f29nynf8/match/view/2bs4mjzwplzl04w7940las4yc,Wolves,Crystal Palace,0,2
22/11/2025,2al8l1sdufvs34bh674bvy1as,https://www.scoresway.com/en_GB/soccer/premier-league-2025-2026/51r6ph2woavlbbpk8f29nynf8/match/view/2al8l1sdufvs34bh674bvy1as,Liverpool,Nottm Forest,0,3
22/11/2025,29stxec16t171gwpixb6tcaok,https://www.scoresway.com/en_GB/soccer/premier-league-2025-2026/51r6ph2woavlbbpk8f29nynf8/match/view/29stxec16t171gwpixb6tcaok,Fulham,Sunderland,1,0
22/11/2025,290hyavp000xtwoqfwwrpnj84,https://www.scoresway.com/en_GB/soccer/premier-league-2025-2026/51r6ph2woavlbbpk8f29nynf8/match/view/290hyavp000xtwoqfwwrpnj84,Brighton,Brentford,2,1
22/11/2025,2868qwytxs68nuc9752cva4us,https://www.scoresway.com/en_GB/soccer/premier-league-2025-2026/51r6ph2woavlbbpk8f29nynf8/match/view/2868qwytxs68nuc9752cva4us,Bournemouth,West Ham,2,2
22/11/2025,29ekagqph40vn7u6wyju0xixg,https://www.scoresway.com/en_GB/soccer/premier-league-2025-2026/51r6ph2woavlbbpk8f29nynf8/match/view/29ekagqph40vn7u6wyju0xixg,Burnley,Chelsea,0,2
09/11/2025,266x8afjnwzm848lkn11qjmdw,https://www.scoresway.com/en_GB/soccer/premier-league-2025-2026/51r6ph2woavlbbpk8f29nynf8/match/view/266x8afjnwzm848lkn11qjmdw,Man City,Liverpool,3,0
09/11/2025,26l3xxay10p3mr94jigklk0t0,https://www.scoresway.com/en_GB/soccer/premier-league-2025-2026/51r6ph2woavlbbpk8f29nynf8/match/view/26l3xxay10p3mr94jigklk0t0,Nottm Forest,Leeds,3,1
09/11/2025,25ehw2cjb60a2kyhwvlqppr10,https://www.scoresway.com/en_GB/soccer/premier-league-2025-2026/51r6ph2woavlbbpk8f29nynf8/match/view/25ehw2cjb60a2kyhwvlqppr10,Crystal Palace,Brighton,0,0
09/11/2025,24m5mde1dqsnrirt0mxg8gr9w,https://www.scoresway.com/en_GB/soccer/premier-league-2025-2026/51r6ph2woavlbbpk8f29nynf8/match/view/24m5mde1dqsnrirt0mxg8gr9w,Brentford,Newcastle,3,1
09/11/2025,247wrvjkrv38tdtc3o6nhuv4k,https://www.scoresway.com/en_GB/soccer/premier-league-2025-2026/51r6ph2woavlbbpk8f29nynf8/match/view/247wrvjkrv38tdtc3o6nhuv4k,Aston Villa,Bournemouth,4,0
08/11/2025,250bsbnukpv5wtmdp0e7k9lp0,https://www.scoresway.com/en_GB/soccer/premier-league-2025-2026/51r6ph2woavlbbpk8f29nynf8/match/view/250bsbnukpv5wtmdp0e7k9lp0,Chelsea,Wolves,3,0
08/11/2025,26zfrrhdp3qw2inh0oyvmdzbo,https://www.scoresway.com/en_GB/soccer/premier-league-2025-2026/51r6ph2woavlbbpk8f29nynf8/match/view/26zfrrhdp3qw2inh0oyvmdzbo,Sunderland,Arsenal,2,2
08/11/2025,27s0zmzii4o2aq7gtamk7q8t0,https://www.scoresway.com/en_GB/soccer/premier-league-2025-2026/51r6ph2woavlbbpk8f29nynf8/match/view/27s0zmzii4o2aq7gtamk7q8t0,West Ham,Burnley,3,2
08/11/2025,25soeaibarxqqknu9tqwgiqdw,https://www.scoresway.com/en_GB/soccer/premier-league-2025-2026/51r6ph2woavlbbpk8f29nynf8/match/view/25soeaibarxqqknu9tqwgiqdw,Everton,Fulham,2,0
08/11/2025,27dsai0y163f2lmufao3yg3ys,https://www.scoresway.com/en_GB/soccer/premier-league-2025-2026/51r6ph2woavlbbpk8f29nynf8/match/view/27dsai0y163f2lmufao3yg3ys,Spurs,Man Utd,2,2
03/11/2025,22zbg00zkak0gf8r3yyzqllhw,https://www.scoresway.com/en_GB/soccer/premier-league-2025-2026/51r6ph2woavlbbpk8f29nynf8/match/view/22zbg00zkak0gf8r3yyzqllhw,Sunderland,Everton,1,1
02/11/2025,226u5j38rgjs64xqe4t2j2fis,https://www.scoresway.com/en_GB/soccer/premier-league-2025-2026/51r6ph2woavlbbpk8f29nynf8/match/view/226u5j38rgjs64xqe4t2j2fis,Man City,Bournemouth,3,1
02/11/2025,23tjlpc5v8e21motsxcqu1r84,https://www.scoresway.com/en_GB/soccer/premier-league-2025-2026/51r6ph2woavlbbpk8f29nynf8/match/view/23tjlpc5v8e21motsxcqu1r84,West Ham,Newcastle,3,1
01/11/2025,21snm4gvykm9jjq1rzq17ejo4,https://www.scoresway.com/en_GB/soccer/premier-league-2025-2026/51r6ph2woavlbbpk8f29nynf8/match/view/21snm4gvykm9jjq1rzq17ejo4,Liverpool,Aston Villa,2,0
01/11/2025,23f8sz2bv6v5zzsc5k00guhw4,https://www.scoresway.com/en_GB/soccer/premier-league-2025-2026/51r6ph2woavlbbpk8f29nynf8/match/view/23f8sz2bv6v5zzsc5k00guhw4,Spurs,Chelsea,0,1
01/11/2025,22l2npjyvz69z79ahof2wafpw,https://www.scoresway.com/en_GB/soccer/premier-league-2025-2026/51r6ph2woavlbbpk8f29nynf8/match/view/22l2npjyvz69z79ahof2wafpw,Nottm Forest,Man Utd,2,2
01/11/2025,21e9qf2g143huh7h7gqpcj310,https://www.scoresway.com/en_GB/soccer/premier-league-2025-2026/51r6ph2woavlbbpk8f29nynf8/match/view/21e9qf2g143huh7h7gqpcj310,Fulham,Wolves,3,0
01/11/2025,21035eerys56hl1oi5yw20wes,https://www.scoresway.com/en_GB/soccer/premier-league-2025-2026/51r6ph2woavlbbpk8f29nynf8/match/view/21035eerys56hl1oi5yw20wes,Crystal Palace,Brentford,2,0
01/11/2025,20lqgnidk2bwum92qqbsimxp0,https://www.scoresway.com/en_GB/soccer/premier-league-2025-2026/51r6ph2woavlbbpk8f29nynf8/match/view/20lqgnidk2bwum92qqbsimxp0,Burnley,Arsenal,0,2
01/11/2025,207fshyi62c88cf6836drk55g,https://www.scoresway.com/en_GB/soccer/premier-league-2025-2026/51r6ph2woavlbbpk8f29nynf8/match/view/207fshyi62c88cf6836drk55g,Brighton,Leeds,3,0
26/10/2025,1y8dmrju1hkfvsl3srj1ycdn8,https://www.scoresway.com/en_GB/soccer/premier-league-2025-2026/51r6ph2woavlbbpk8f29nynf8/match/view/1y8dmrju1hkfvsl3srj1ycdn8,Everton,Spurs,0,3
26/10/2025,1zt5ofxwth7538kncejm3ieqc,https://www.scoresway.com/en_GB/soccer/premier-league-2025-2026/51r6ph2woavlbbpk8f29nynf8/match/view/1zt5ofxwth7538kncejm3ieqc,Wolves,Burnley,2,3
26/10/2025,1w7mazdrj7yy9qlgmgyzehg5w,https://www.scoresway.com/en_GB/soccer/premier-league-2025-2026/51r6ph2woavlbbpk8f29nynf8/match/view/1w7mazdrj7yy9qlgmgyzehg5w,Bournemouth,Nottm Forest,2,0
26/10/2025,1x07v32ex6xevmomsysc6e4us,https://www.scoresway.com/en_GB/soccer/premier-league-2025-2026/51r6ph2woavlbbpk8f29nynf8/match/view/1x07v32ex6xevmomsysc6e4us,Aston Villa,Man City,1,0
26/10/2025,1wlvabjugecgxexpyqugbo7bo,https://www.scoresway.com/en_GB/soccer/premier-league-2025-2026/51r6ph2woavlbbpk8f29nynf8/match/view/1wlvabjugecgxexpyqugbo7bo,Arsenal,Crystal Palace,1,0
25/10/2025,1xebw5ifrjl5exfgvwogidmok,https://www.scoresway.com/en_GB/soccer/premier-league-2025-2026/51r6ph2woavlbbpk8f29nynf8/match/view/1xebw5ifrjl5exfgvwogidmok,Brentford,Liverpool,3,2
25/10/2025,1z0pvc6kf8t3einy25wvna42c,https://www.scoresway.com/en_GB/soccer/premier-league-2025-2026/51r6ph2woavlbbpk8f29nynf8/match/view/1z0pvc6kf8t3einy25wvna42c,Man Utd,Brighton,4,2
25/10/2025,1zf0zsabpkibbzn05lty6cv10,https://www.scoresway.com/en_GB/soccer/premier-league-2025-2026/51r6ph2woavlbbpk8f29nynf8/match/view/1zf0zsabpkibbzn05lty6cv10,Newcastle,Fulham,2,1
25/10/2025,1xse56xeo3sjk9vbxu1rmwf10,https://www.scoresway.com/en_GB/soccer/premier-league-2025-2026/51r6ph2woavlbbpk8f29nynf8/match/view/1xse56xeo3sjk9vbxu1rmwf10,Chelsea,Sunderland,1,2
24/10/2025,1ymmbmwqt706tquiw6k5n649g,https://www.scoresway.com/en_GB/soccer/premier-league-2025-2026/51r6ph2woavlbbpk8f29nynf8/match/view/1ymmbmwqt706tquiw6k5n649g,Leeds,West Ham,2,1
20/10/2025,1vrxomf1ihb6xrivhrvs4nd3o,https://www.scoresway.com/en_GB/soccer/premier-league-2025-2026/51r6ph2woavlbbpk8f29nynf8/match/view/1vrxomf1ihb6xrivhrvs4nd3o,West Ham,Brentford,0,2
19/10/2025,1tozdgn4jg7t4h8wrdqtlwgt0,https://www.scoresway.com/en_GB/soccer/premier-league-2025-2026/51r6ph2woavlbbpk8f29nynf8/match/view/1tozdgn4jg7t4h8wrdqtlwgt0,Liverpool,Man Utd,1,2
19/10/2025,1vdtp9f8cyblesdc3cpw8dlhw,https://www.scoresway.com/en_GB/soccer/premier-league-2025-2026/51r6ph2woavlbbpk8f29nynf8/match/view/1vdtp9f8cyblesdc3cpw8dlhw,Spurs,Aston Villa,1,2
18/10/2025,1taq9euew4fs51eqk666nc2dw,https://www.scoresway.com/en_GB/soccer/premier-league-2025-2026/51r6ph2woavlbbpk8f29nynf8/match/view/1taq9euew4fs51eqk666nc2dw,Fulham,Arsenal,0,1
18/10/2025,1uzikt3sjo0nyoutu2qhf8vtg,https://www.scoresway.com/en_GB/soccer/premier-league-2025-2026/51r6ph2woavlbbpk8f29nynf8/match/view/1uzikt3sjo0nyoutu2qhf8vtg,Sunderland,Wolves,2,0
18/10/2025,1u36beg0t6rceb5etaa7rcwes,https://www.scoresway.com/en_GB/soccer/premier-league-2025-2026/51r6ph2woavlbbpk8f29nynf8/match/view/1u36beg0t6rceb5etaa7rcwes,Man City,Everton,2,0
18/10/2025,1swfjplq1923hcknqk1r00kyc,https://www.scoresway.com/en_GB/soccer/premier-league-2025-2026/51r6ph2woavlbbpk8f29nynf8/match/view/1swfjplq1923hcknqk1r00kyc,Crystal Palace,Bournemouth,3,3
18/10/2025,1sgfyezfw8l28mky35q9ab0no,https://www.scoresway.com/en_GB/soccer/premier-league-2025-2026/51r6ph2woavlbbpk8f29nynf8/match/view/1sgfyezfw8l28mky35q9ab0no,Burnley,Leeds,2,0
18/10/2025,1s2cqwm1pd76xs20c255sfnro,https://www.scoresway.com/en_GB/soccer/premier-league-2025-2026/51r6ph2woavlbbpk8f29nynf8/match/view/1s2cqwm1pd76xs20c255sfnro,Brighton,Newcastle,2,1
18/10/2025,1ul4lz9b1npclnmnufhedm7tg,https://www.scoresway.com/en_GB/soccer/premier-league-2025-2026/51r6ph2woavlbbpk8f29nynf8/match/view/1ul4lz9b1npclnmnufhedm7tg,Nottm Forest,Chelsea,0,3
05/10/2025,1paikangkucvx6etwyog8bxg4,https://www.scoresway.com/en_GB/soccer/premier-league-2025-2026/51r6ph2woavlbbpk8f29nynf8/match/view/1paikangkucvx6etwyog8bxg4,Brentford,Man City,0,1
05/10/2025,1ro6dtfyd439umqwi6dq6xr84,https://www.scoresway.com/en_GB/soccer/premier-league-2025-2026/51r6ph2woavlbbpk8f29nynf8/match/view/1ro6dtfyd439umqwi6dq6xr84,Wolves,Brighton,1,1
05/10/2025,1r9l80ujrlwn2mfwfrrbz7evo,https://www.scoresway.com/en_GB/soccer/premier-league-2025-2026/51r6ph2woavlbbpk8f29nynf8/match/view/1r9l80ujrlwn2mfwfrrbz7evo,Newcastle,Nottm Forest,2,0
05/10/2025,1q2zv5o6545wcsdhbx4vvgqok,https://www.scoresway.com/en_GB/soccer/premier-league-2025-2026/51r6ph2woavlbbpk8f29nynf8/match/view/1q2zv5o6545wcsdhbx4vvgqok,Everton,Crystal Palace,2,1
05/10/2025,1owbvtdwx68memqujxxftykno,https://www.scoresway.com/en_GB/soccer/premier-league-2025-2026/51r6ph2woavlbbpk8f29nynf8/match/view/1owbvtdwx68memqujxxftykno,Aston Villa,Burnley,2,1
04/10/2025,1pow6zy0g8vyp6ag9wvnubkes,https://www.scoresway.com/en_GB/soccer/premier-league-2025-2026/51r6ph2woavlbbpk8f29nynf8/match/view/1pow6zy0g8vyp6ag9wvnubkes,Chelsea,Liverpool,2,1
04/10/2025,1qvclot8fak9knempsk7tqeqc,https://www.scoresway.com/en_GB/soccer/premier-league-2025-2026/51r6ph2woavlbbpk8f29nynf8/match/view/1qvclot8fak9knempsk7tqeqc,Man Utd,Sunderland,2,0
04/10/2025,1oi3hkt91umhnxou8rk970ums,https://www.scoresway.com/en_GB/soccer/premier-league-2025-2026/51r6ph2woavlbbpk8f29nynf8/match/view/1oi3hkt91umhnxou8rk970ums,Arsenal,West Ham,2,0
04/10/2025,1qh7qazdiffxkrafk41ewncb8,https://www.scoresway.com/en_GB/soccer/premier-league-2025-2026/51r6ph2woavlbbpk8f29nynf8/match/view/1qh7qazdiffxkrafk41ewncb8,Leeds,Spurs,1,2
03/10/2025,1o40goci4ply97jh7uhh3zq50,https://www.scoresway.com/en_GB/soccer/premier-league-2025-2026/51r6ph2woavlbbpk8f29nynf8/match/view/1o40goci4ply97jh7uhh3zq50,Bournemouth,Fulham,3,1
29/09/2025,1lokw5qi9ag7bgvg102gj21as,https://www.scoresway.com/en_GB/soccer/premier-league-2025-2026/51r6ph2woavlbbpk8f29nynf8/match/view/1lokw5qi9ag7bgvg102gj21as,Everton,West Ham,1,1
28/09/2025,1mv5kukvh2gold9lzbfle86qc,https://www.scoresway.com/en_GB/soccer/premier-league-2025-2026/51r6ph2woavlbbpk8f29nynf8/match/view/1mv5kukvh2gold9lzbfle86qc,Newcastle,Arsenal,1,2
28/09/2025,1k3eld3sysqfeherxz48tzoyc,https://www.scoresway.com/en_GB/soccer/premier-league-2025-2026/51r6ph2woavlbbpk8f29nynf8/match/view/1k3eld3sysqfeherxz48tzoyc,Aston Villa,Fulham,3,1
27/09/2025,1npwac7t1uv2raij1gs4hhxqs,https://www.scoresway.com/en_GB/soccer/premier-league-2025-2026/51r6ph2woavlbbpk8f29nynf8/match/view/1npwac7t1uv2raij1gs4hhxqs,Spurs,Wolves,1,1
27/09/2025,1n9usxk22sgbn7zion4t4q8lw,https://www.scoresway.com/en_GB/soccer/premier-league-2025-2026/51r6ph2woavlbbpk8f29nynf8/match/view/1n9usxk22sgbn7zion4t4q8lw,Nottm Forest,Sunderland,0,1
27/09/2025,1mgz1t6rbrx41ljreydpdy39w,https://www.scoresway.com/en_GB/soccer/premier-league-2025-2026/51r6ph2woavlbbpk8f29nynf8/match/view/1mgz1t6rbrx41ljreydpdy39w,Man City,Burnley,5,1
27/09/2025,1m2q53bt7g2w2nzxpt8zwvklw,https://www.scoresway.com/en_GB/soccer/premier-league-2025-2026/51r6ph2woavlbbpk8f29nynf8/match/view/1m2q53bt7g2w2nzxpt8zwvklw,Leeds,Bournemouth,2,2
27/09/2025,1la9af0q274nmzgcyme30rcwk,https://www.scoresway.com/en_GB/soccer/premier-league-2025-2026/51r6ph2woavlbbpk8f29nynf8/match/view/1la9af0q274nmzgcyme30rcwk,Crystal Palace,Liverpool,2,1
27/09/2025,1kvzysbmri31wqmzg9n6uekno,https://www.scoresway.com/en_GB/soccer/premier-league-2025-2026/51r6ph2woavlbbpk8f29nynf8/match/view/1kvzysbmri31wqmzg9n6uekno,Chelsea,Brighton,1,3
27/09/2025,1khr3704psti8rqgjsvafpa1g,https://www.scoresway.com/en_GB/soccer/premier-league-2025-2026/51r6ph2woavlbbpk8f29nynf8/match/view/1khr3704psti8rqgjsvafpa1g,Brentford,Man Utd,3,1
21/09/2025,1gil6wudqtyaauvngcgucwbh0,https://www.scoresway.com/en_GB/soccer/premier-league-2025-2026/51r6ph2woavlbbpk8f29nynf8/match/view/1gil6wudqtyaauvngcgucwbh0,Arsenal,Man City,1,1
21/09/2025,1iwrufdts4nlr7bniv499abkk,https://www.scoresway.com/en_GB/soccer/premier-league-2025-2026/51r6ph2woavlbbpk8f29nynf8/match/view/1iwrufdts4nlr7bniv499abkk,Sunderland,Aston Villa,1,1
21/09/2025,1g4hj5evcd2ub6zp9akh1er6c,https://www.scoresway.com/en_GB/soccer/premier-league-2025-2026/51r6ph2woavlbbpk8f29nynf8/match/view/1g4hj5evcd2ub6zp9akh1er6c,Bournemouth,Newcastle,0,0
20/09/2025,1hotdoe44db3avxd1j91hxw5w,https://www.scoresway.com/en_GB/soccer/premier-league-2025-2026/51r6ph2woavlbbpk8f29nynf8/match/view/1hotdoe44db3avxd1j91hxw5w,Fulham,Brentford,3,1
20/09/2025,1iirowal16yj6lndgm8gbx5p0,https://www.scoresway.com/en_GB/soccer/premier-league-2025-2026/51r6ph2woavlbbpk8f29nynf8/match/view/1iirowal16yj6lndgm8gbx5p0,Man Utd,Chelsea,2,1
20/09/2025,1jp76d0gbs37k24r8pculfxuc,https://www.scoresway.com/en_GB/soccer/premier-league-2025-2026/51r6ph2woavlbbpk8f29nynf8/match/view/1jp76d0gbs37k24r8pculfxuc,Wolves,Leeds,1,3
20/09/2025,1jauwu1mheu6kyp1pwpoa6dxw,https://www.scoresway.com/en_GB/soccer/premier-league-2025-2026/51r6ph2woavlbbpk8f29nynf8/match/view/1jauwu1mheu6kyp1pwpoa6dxw,West Ham,Crystal Palace,1,2
20/09/2025,1haljpbt1dfeivzawp81rk8b8,https://www.scoresway.com/en_GB/soccer/premier-league-2025-2026/51r6ph2woavlbbpk8f29nynf8/match/view/1haljpbt1dfeivzawp81rk8b8,Burnley,Nottm Forest,1,1
20/09/2025,1gwmyqujn1kzgkz7yv1yp0n4k,https://www.scoresway.com/en_GB/soccer/premier-league-2025-2026/51r6ph2woavlbbpk8f29nynf8/match/view/1gwmyqujn1kzgkz7yv1yp0n4k,Brighton,Spurs,2,2
20/09/2025,1i2v1eqtjfnafc69e4u4kawb8,https://www.scoresway.com/en_GB/soccer/premier-league-2025-2026/51r6ph2woavlbbpk8f29nynf8/match/view/1i2v1eqtjfnafc69e4u4kawb8,Liverpool,Everton,2,1
14/09/2025,1exxqpardhibndjt24yvj2l1w,https://www.scoresway.com/en_GB/soccer/premier-league-2025-2026/51r6ph2woavlbbpk8f29nynf8/match/view/1exxqpardhibndjt24yvj2l1w,Man City,Man Utd,3,0
14/09/2025,1ddyldms82g6afdwokq3ro844,https://www.scoresway.com/en_GB/soccer/premier-league-2025-2026/51r6ph2woavlbbpk8f29nynf8/match/view/1ddyldms82g6afdwokq3ro844,Burnley,Liverpool,0,1
13/09/2025,1cy3zxa3qlhra05l8tmcnmgwk,https://www.scoresway.com/en_GB/soccer/premier-league-2025-2026/51r6ph2woavlbbpk8f29nynf8/match/view/1cy3zxa3qlhra05l8tmcnmgwk,Brentford,Chelsea,2,2
13/09/2025,1fqalgzy8x2hswuyc4w36cr2s,https://www.scoresway.com/en_GB/soccer/premier-league-2025-2026/51r6ph2woavlbbpk8f29nynf8/match/view/1fqalgzy8x2hswuyc4w36cr2s,West Ham,Spurs,0,3
13/09/2025,1fby3aaqw8svx24c078ktdb10,https://www.scoresway.com/en_GB/soccer/premier-league-2025-2026/51r6ph2woavlbbpk8f29nynf8/match/view/1fby3aaqw8svx24c078ktdb10,Newcastle,Wolves,1,0
13/09/2025,1ejplc4zz2mafz8ve5yaztgyc,https://www.scoresway.com/en_GB/soccer/premier-league-2025-2026/51r6ph2woavlbbpk8f29nynf8/match/view/1ejplc4zz2mafz8ve5yaztgyc,Fulham,Leeds,1,0
13/09/2025,1e5s21mdr4zeeniuin1uu189g,https://www.scoresway.com/en_GB/soccer/premier-league-2025-2026/51r6ph2woavlbbpk8f29nynf8/match/view/1e5s21mdr4zeeniuin1uu189g,Everton,Aston Villa,0,0
13/09/2025,1drtj6vzc17m0mb549yuwuz9w,https://www.scoresway.com/en_GB/soccer/premier-league-2025-2026/51r6ph2woavlbbpk8f29nynf8/match/view/1drtj6vzc17m0mb549yuwuz9w,Crystal Palace,Sunderland,0,0
13/09/2025,1c63e8qqe9heysoinrbib41zo,https://www.scoresway.com/en_GB/soccer/premier-league-2025-2026/51r6ph2woavlbbpk8f29nynf8/match/view/1c63e8qqe9heysoinrbib41zo,Bournemouth,Brighton,2,1
13/09/2025,1ck3f5txde110a1im9lxy0ys4,https://www.scoresway.com/en_GB/soccer/premier-league-2025-2026/51r6ph2woavlbbpk8f29nynf8/match/view/1ck3f5txde110a1im9lxy0ys4,Arsenal,Nottm Forest,3,0
31/08/2025,18a8disd61jy3wflaabj72tqs,https://www.scoresway.com/en_GB/soccer/premier-league-2025-2026/51r6ph2woavlbbpk8f29nynf8/match/view/18a8disd61jy3wflaabj72tqs,Aston Villa,Crystal Palace,0,3
31/08/2025,19ty1jsiu05lygxc15uw4exp0,https://www.scoresway.com/en_GB/soccer/premier-league-2025-2026/51r6ph2woavlbbpk8f29nynf8/match/view/19ty1jsiu05lygxc15uw4exp0,Liverpool,Arsenal,1,0
31/08/2025,1ambeuhg64rjh91vzt2cu9m38,https://www.scoresway.com/en_GB/soccer/premier-league-2025-2026/51r6ph2woavlbbpk8f29nynf8/match/view/1ambeuhg64rjh91vzt2cu9m38,Nottm Forest,West Ham,0,3
31/08/2025,18o9ldivk2e84zcrejou19dlg,https://www.scoresway.com/en_GB/soccer/premier-league-2025-2026/51r6ph2woavlbbpk8f29nynf8/match/view/18o9ldivk2e84zcrejou19dlg,Brighton,Man City,2,1
30/08/2025,19g4i3bmkco9zrycot41ut638,https://www.scoresway.com/en_GB/soccer/premier-league-2025-2026/51r6ph2woavlbbpk8f29nynf8/match/view/19g4i3bmkco9zrycot41ut638,Leeds,Newcastle,0,0
30/08/2025,1bs4lduawnt57viznogqxu0b8,https://www.scoresway.com/en_GB/soccer/premier-league-2025-2026/51r6ph2woavlbbpk8f29nynf8/match/view/1bs4lduawnt57viznogqxu0b8,Wolves,Everton,2,3
30/08/2025,1b0aavyqhw9g2ebi1cua6uiac,https://www.scoresway.com/en_GB/soccer/premier-league-2025-2026/51r6ph2woavlbbpk8f29nynf8/match/view/1b0aavyqhw9g2ebi1cua6uiac,Sunderland,Brentford,2,1
30/08/2025,1be5lxo9q7ko4pm8exaozvmdw,https://www.scoresway.com/en_GB/soccer/premier-league-2025-2026/51r6ph2woavlbbpk8f29nynf8/match/view/1be5lxo9q7ko4pm8exaozvmdw,Spurs,Bournemouth,0,1
30/08/2025,1a8ama8onzq0bjz027h2kv1n8,https://www.scoresway.com/en_GB/soccer/premier-league-2025-2026/51r6ph2woavlbbpk8f29nynf8/match/view/1a8ama8onzq0bjz027h2kv1n8,Man Utd,Burnley,3,2
30/08/2025,1929jvcf42axkdr52hdrfuvis,https://www.scoresway.com/en_GB/soccer/premier-league-2025-2026/51r6ph2woavlbbpk8f29nynf8/match/view/1929jvcf42axkdr52hdrfuvis,Chelsea,Fulham,2,0
25/08/2025,17gi8gmcwairx1s9f0utz7ggk,https://www.scoresway.com/en_GB/soccer/premier-league-2025-2026/51r6ph2woavlbbpk8f29nynf8/match/view/17gi8gmcwairx1s9f0utz7ggk,Newcastle,Liverpool,2,3
24/08/2025,16ogxo1bxdi6eza02h0s9i5n8,https://www.scoresway.com/en_GB/soccer/premier-league-2025-2026/51r6ph2woavlbbpk8f29nynf8/match/view/16ogxo1bxdi6eza02h0s9i5n8,Fulham,Man Utd,1,1
24/08/2025,16am82aqanxg9ylk4fufxw07o,https://www.scoresway.com/en_GB/soccer/premier-league-2025-2026/51r6ph2woavlbbpk8f29nynf8/match/view/16am82aqanxg9ylk4fufxw07o,Everton,Brighton,2,0
24/08/2025,15wpdgoeb2hhp1jui3uzbf6l0,https://www.scoresway.com/en_GB/soccer/premier-league-2025-2026/51r6ph2woavlbbpk8f29nynf8/match/view/15wpdgoeb2hhp1jui3uzbf6l0,Crystal Palace,Nottm Forest,1,1
23/08/2025,14qo3uypv7lmce0ewcvxe89w4,https://www.scoresway.com/en_GB/soccer/premier-league-2025-2026/51r6ph2woavlbbpk8f29nynf8/match/view/14qo3uypv7lmce0ewcvxe89w4,Arsenal,Leeds,5,0
23/08/2025,15ipwqyqunn8fzwb3l9bsiot0,https://www.scoresway.com/en_GB/soccer/premier-league-2025-2026/51r6ph2woavlbbpk8f29nynf8/match/view/15ipwqyqunn8fzwb3l9bsiot0,Burnley,Sunderland,2,0
23/08/2025,154ru5ptp2kfs14iguma92kno,https://www.scoresway.com/en_GB/soccer/premier-league-2025-2026/51r6ph2woavlbbpk8f29nynf8/match/view/154ru5ptp2kfs14iguma92kno,Brentford,Aston Villa,1,0
23/08/2025,14cmzlbe4pl6c3xuucuzj2590,https://www.scoresway.com/en_GB/soccer/premier-league-2025-2026/51r6ph2woavlbbpk8f29nynf8/match/view/14cmzlbe4pl6c3xuucuzj2590,Bournemouth,Wolves,1,0
23/08/2025,172cmeucd0eh693911rgimuj8,https://www.scoresway.com/en_GB/soccer/premier-league-2025-2026/51r6ph2woavlbbpk8f29nynf8/match/view/172cmeucd0eh693911rgimuj8,Man City,Spurs,0,2
22/08/2025,17umsvptey1sqmfwpp2m7ci6s,https://www.scoresway.com/en_GB/soccer/premier-league-2025-2026/51r6ph2woavlbbpk8f29nynf8/match/view/17umsvptey1sqmfwpp2m7ci6s,West Ham,Chelsea,1,5
18/08/2025,13ylro8dy443m52qxwrxm9zis,https://www.scoresway.com/en_GB/soccer/premier-league-2025-2026/51r6ph2woavlbbpk8f29nynf8/match/view/13ylro8dy443m52qxwrxm9zis,Leeds,Everton,1,0
17/08/2025,13h7obu9sa1vfh3a0esob4jdg,https://www.scoresway.com/en_GB/soccer/premier-league-2025-2026/51r6ph2woavlbbpk8f29nynf8/match/view/13h7obu9sa1vfh3a0esob4jdg,Man Utd,Arsenal,0,1
17/08/2025,110stnyllsj1u0mhdabeuvyfo,https://www.scoresway.com/en_GB/soccer/premier-league-2025-2026/51r6ph2woavlbbpk8f29nynf8/match/view/110stnyllsj1u0mhdabeuvyfo,Nottm Forest,Brentford,3,1
17/08/2025,12znl0wq9dni0y2j3xb2dsmj8,https://www.scoresway.com/en_GB/soccer/premier-league-2025-2026/51r6ph2woavlbbpk8f29nynf8/match/view/12znl0wq9dni0y2j3xb2dsmj8,Chelsea,Crystal Palace,0,0
16/08/2025,12gtk3hwf4px68mpjs890rehg,https://www.scoresway.com/en_GB/soccer/premier-league-2025-2026/51r6ph2woavlbbpk8f29nynf8/match/view/12gtk3hwf4px68mpjs890rehg,Wolves,Man City,0,4
16/08/2025,11i3orjflpi9empra6uuduwpg,https://www.scoresway.com/en_GB/soccer/premier-league-2025-2026/51r6ph2woavlbbpk8f29nynf8/match/view/11i3orjflpi9empra6uuduwpg,Sunderland,West Ham,3,0
16/08/2025,11zdrikme887aispxmcu1ug44,https://www.scoresway.com/en_GB/soccer/premier-league-2025-2026/51r6ph2woavlbbpk8f29nynf8/match/view/11zdrikme887aispxmcu1ug44,Spurs,Burnley,3,0
16/08/2025,10jpwd1x2paywtbfatjev182c,https://www.scoresway.com/en_GB/soccer/premier-league-2025-2026/51r6ph2woavlbbpk8f29nynf8/match/view/10jpwd1x2paywtbfatjev182c,Brighton,Fulham,1,1
16/08/2025,102dto55773ex3p58gp94ql90,https://www.scoresway.com/en_GB/soccer/premier-league-2025-2026/51r6ph2woavlbbpk8f29nynf8/match/view/102dto55773ex3p58gp94ql90,Aston Villa,Newcastle,0,0
15/08/2025,zhs8gg1hvcuqvhkk2itb54pg,https://www.scoresway.com/en_GB/soccer/premier-league-2025-2026/51r6ph2woavlbbpk8f29nynf8/match/view/zhs8gg1hvcuqvhkk2itb54pg,Liverpool,Bournemouth,4,2
