date,match_id,url_match,home,away,home_score,away_score,matchweek
24/5/2026,3xcjz4isjg101zf0d40lxkglw,https://www.scoresway.com/en_GB/soccer/primera-divisi%C3%B3n-2025-2026/80zg2v1cuqcfhphn56u4qpyqc/match/view/3xcjz4isjg101zf0d40lxkglw,Villarreal,Atlético,5,1,38
23/5/2026,3xq4alyjtlltd6j11gckoxvkk,https://www.scoresway.com/en_GB/soccer/primera-divisi%C3%B3n-2025-2026/80zg2v1cuqcfhphn56u4qpyqc/match/view/3xq4alyjtlltd6j11gckoxvkk,Valencia,Barcelona,3,1,38
23/5/2026,3wz71k4469ny273fw5c1yavx0,https://www.scoresway.com/en_GB/soccer/primera-divisi%C3%B3n-2025-2026/80zg2v1cuqcfhphn56u4qpyqc/match/view/3wz71k4469ny273fw5c1yavx0,Real Madrid,Athletic,4,2,38
23/5/2026,3wljbdagmhpi6h7viwogz9ul0,https://www.scoresway.com/en_GB/soccer/primera-divisi%C3%B3n-2025-2026/80zg2v1cuqcfhphn56u4qpyqc/match/view/3wljbdagmhpi6h7viwogz9ul0,Mallorca,Oviedo,3,0,38
23/5/2026,3y3gz2ufpcbu5vkgph7jyg74k,https://www.scoresway.com/en_GB/soccer/primera-divisi%C3%B3n-2025-2026/80zg2v1cuqcfhphn56u4qpyqc/match/view/3y3gz2ufpcbu5vkgph7jyg74k,Girona,Elche,1,1,38
23/5/2026,3w881304b6s154go90fihrjtg,https://www.scoresway.com/en_GB/soccer/primera-divisi%C3%B3n-2025-2026/80zg2v1cuqcfhphn56u4qpyqc/match/view/3w881304b6s154go90fihrjtg,Getafe,Osasuna,1,0,38
23/5/2026,3vur4jhid3p73hq5qz0t48bv8,https://www.scoresway.com/en_GB/soccer/primera-divisi%C3%B3n-2025-2026/80zg2v1cuqcfhphn56u4qpyqc/match/view/3vur4jhid3p73hq5qz0t48bv8,Espanyol,Real Sociedad,1,1,38
23/5/2026,3vhe91racce86uhq0b3mw29sk,https://www.scoresway.com/en_GB/soccer/primera-divisi%C3%B3n-2025-2026/80zg2v1cuqcfhphn56u4qpyqc/match/view/3vhe91racce86uhq0b3mw29sk,Celta,Sevilla,1,0,38
23/5/2026,3v3zljn1yog1g4knq4uoaledw,https://www.scoresway.com/en_GB/soccer/primera-divisi%C3%B3n-2025-2026/80zg2v1cuqcfhphn56u4qpyqc/match/view/3v3zljn1yog1g4knq4uoaledw,Betis,Levante,2,1,38
23/5/2026,3up18t49bq8thej74h5lgf0us,https://www.scoresway.com/en_GB/soccer/primera-divisi%C3%B3n-2025-2026/80zg2v1cuqcfhphn56u4qpyqc/match/view/3up18t49bq8thej74h5lgf0us,Alavés,Rayo,1,2,38
17/5/2026,3rpa9gg887sphjnou8h1uv6s4,https://www.scoresway.com/en_GB/soccer/primera-divisi%C3%B3n-2025-2026/80zg2v1cuqcfhphn56u4qpyqc/match/view/3rpa9gg887sphjnou8h1uv6s4,Barcelona,Betis,3,1,37
17/5/2026,3ubq4xhedh6kqvsb2d7cvw650,https://www.scoresway.com/en_GB/soccer/primera-divisi%C3%B3n-2025-2026/80zg2v1cuqcfhphn56u4qpyqc/match/view/3ubq4xhedh6kqvsb2d7cvw650,Sevilla,Real Madrid,0,1,37
17/5/2026,3t723gzwnzh44w0jdk8bfjdhw,https://www.scoresway.com/en_GB/soccer/primera-divisi%C3%B3n-2025-2026/80zg2v1cuqcfhphn56u4qpyqc/match/view/3t723gzwnzh44w0jdk8bfjdhw,Real Sociedad,Valencia,3,4,37
17/5/2026,3stn5qtfq9b7w461hrsz1y0wk,https://www.scoresway.com/en_GB/soccer/primera-divisi%C3%B3n-2025-2026/80zg2v1cuqcfhphn56u4qpyqc/match/view/3stn5qtfq9b7w461hrsz1y0wk,Rayo,Villarreal,2,0,37
17/5/2026,3tkk80csb0shs70l1ucy03uok,https://www.scoresway.com/en_GB/soccer/primera-divisi%C3%B3n-2025-2026/80zg2v1cuqcfhphn56u4qpyqc/match/view/3tkk80csb0shs70l1ucy03uok,Oviedo,Alavés,0,1,37
17/5/2026,3ty1scc4fcein2b664ssgnwus,https://www.scoresway.com/en_GB/soccer/primera-divisi%C3%B3n-2025-2026/80zg2v1cuqcfhphn56u4qpyqc/match/view/3ty1scc4fcein2b664ssgnwus,Osasuna,Espanyol,1,2,37
17/5/2026,3sg7p1fgas9oyig0lv5gdmvis,https://www.scoresway.com/en_GB/soccer/primera-divisi%C3%B3n-2025-2026/80zg2v1cuqcfhphn56u4qpyqc/match/view/3sg7p1fgas9oyig0lv5gdmvis,Levante,Mallorca,2,0,37
17/5/2026,3s2q5sph3bm3auk1b8odb493o,https://www.scoresway.com/en_GB/soccer/primera-divisi%C3%B3n-2025-2026/80zg2v1cuqcfhphn56u4qpyqc/match/view/3s2q5sph3bm3auk1b8odb493o,Elche,Getafe,1,0,37
17/5/2026,3rbvenobhbiyu2oz1067g87x0,https://www.scoresway.com/en_GB/soccer/primera-divisi%C3%B3n-2025-2026/80zg2v1cuqcfhphn56u4qpyqc/match/view/3rbvenobhbiyu2oz1067g87x0,Atlético,Girona,1,0,37
17/5/2026,3qyh2orw2524xs3k60h0cxxxw,https://www.scoresway.com/en_GB/soccer/primera-divisi%C3%B3n-2025-2026/80zg2v1cuqcfhphn56u4qpyqc/match/view/3qyh2orw2524xs3k60h0cxxxw,Athletic,Celta,1,1,37
14/5/2026,3ql6gx72pau1cocng395b63h0,https://www.scoresway.com/en_GB/soccer/primera-divisi%C3%B3n-2025-2026/80zg2v1cuqcfhphn56u4qpyqc/match/view/3ql6gx72pau1cocng395b63h0,Real Madrid,Oviedo,2,0,36
14/5/2026,3ooiol9lfrmnu1bfpa099xhxw,https://www.scoresway.com/en_GB/soccer/primera-divisi%C3%B3n-2025-2026/80zg2v1cuqcfhphn56u4qpyqc/match/view/3ooiol9lfrmnu1bfpa099xhxw,Girona,Real Sociedad,1,1,36
14/5/2026,3psr2605g4d19sdukq2711gd0,https://www.scoresway.com/en_GB/soccer/primera-divisi%C3%B3n-2025-2026/80zg2v1cuqcfhphn56u4qpyqc/match/view/3psr2605g4d19sdukq2711gd0,Valencia,Rayo,1,1,36
13/5/2026,3oazgnn4to0s2xa8mtme8o36c,https://www.scoresway.com/en_GB/soccer/primera-divisi%C3%B3n-2025-2026/80zg2v1cuqcfhphn56u4qpyqc/match/view/3oazgnn4to0s2xa8mtme8o36c,Getafe,Mallorca,3,1,36
13/5/2026,3n65mnr76iym0yv9wmk1ug6c4,https://www.scoresway.com/en_GB/soccer/primera-divisi%C3%B3n-2025-2026/80zg2v1cuqcfhphn56u4qpyqc/match/view/3n65mnr76iym0yv9wmk1ug6c4,Alavés,Barcelona,1,0,36
13/5/2026,3q7xe5wdnb9goknf23kydt8no,https://www.scoresway.com/en_GB/soccer/primera-divisi%C3%B3n-2025-2026/80zg2v1cuqcfhphn56u4qpyqc/match/view/3q7xe5wdnb9goknf23kydt8no,Villarreal,Sevilla,2,3,36
13/5/2026,3p1xhxrl565qq3x5swdj977dg,https://www.scoresway.com/en_GB/soccer/primera-divisi%C3%B3n-2025-2026/80zg2v1cuqcfhphn56u4qpyqc/match/view/3p1xhxrl565qq3x5swdj977dg,Espanyol,Athletic,2,0,36
12/5/2026,3pfak8vavaxumsfvxz2yo48wk,https://www.scoresway.com/en_GB/soccer/primera-divisi%C3%B3n-2025-2026/80zg2v1cuqcfhphn56u4qpyqc/match/view/3pfak8vavaxumsfvxz2yo48wk,Osasuna,Atlético,1,2,36
12/5/2026,3njoj8cm40koxt8u94a1h3yfo,https://www.scoresway.com/en_GB/soccer/primera-divisi%C3%B3n-2025-2026/80zg2v1cuqcfhphn56u4qpyqc/match/view/3njoj8cm40koxt8u94a1h3yfo,Betis,Elche,2,1,36
12/5/2026,3nxmo9ajqnht9425i3n9szevo,https://www.scoresway.com/en_GB/soccer/primera-divisi%C3%B3n-2025-2026/80zg2v1cuqcfhphn56u4qpyqc/match/view/3nxmo9ajqnht9425i3n9szevo,Celta,Levante,2,3,36
11/5/2026,3je81f1r98u8rqsk99bzjwyl0,https://www.scoresway.com/en_GB/soccer/primera-divisi%C3%B3n-2025-2026/80zg2v1cuqcfhphn56u4qpyqc/match/view/3je81f1r98u8rqsk99bzjwyl0,Rayo,Girona,1,1,35
10/5/2026,3kigmlbqhunbi6gixcr7cz6z8,https://www.scoresway.com/en_GB/soccer/primera-divisi%C3%B3n-2025-2026/80zg2v1cuqcfhphn56u4qpyqc/match/view/3kigmlbqhunbi6gixcr7cz6z8,Barcelona,Real Madrid,2,0,35
10/5/2026,3msszbu4fc0okhk1cy6k7f09g,https://www.scoresway.com/en_GB/soccer/primera-divisi%C3%B3n-2025-2026/80zg2v1cuqcfhphn56u4qpyqc/match/view/3msszbu4fc0okhk1cy6k7f09g,Oviedo,Getafe,0,0,35
10/5/2026,3jromoqjf4ywqhz6gv1xpo0lw,https://www.scoresway.com/en_GB/soccer/primera-divisi%C3%B3n-2025-2026/80zg2v1cuqcfhphn56u4qpyqc/match/view/3jromoqjf4ywqhz6gv1xpo0lw,Athletic,Valencia,0,1,35
10/5/2026,3lazt464v4k6hjwcq9ljf0ums,https://www.scoresway.com/en_GB/soccer/primera-divisi%C3%B3n-2025-2026/80zg2v1cuqcfhphn56u4qpyqc/match/view/3lazt464v4k6hjwcq9ljf0ums,Mallorca,Villarreal,1,1,35
9/5/2026,3m24sjc20wo15f6mmkw3qeqz8,https://www.scoresway.com/en_GB/soccer/primera-divisi%C3%B3n-2025-2026/80zg2v1cuqcfhphn56u4qpyqc/match/view/3m24sjc20wo15f6mmkw3qeqz8,Real Sociedad,Betis,2,2,35
9/5/2026,3k57p4cr98z0cknr4b39kaivo,https://www.scoresway.com/en_GB/soccer/primera-divisi%C3%B3n-2025-2026/80zg2v1cuqcfhphn56u4qpyqc/match/view/3k57p4cr98z0cknr4b39kaivo,Atlético,Celta,0,1,35
9/5/2026,3mfg133s0kwtlbnaes34dxhxw,https://www.scoresway.com/en_GB/soccer/primera-divisi%C3%B3n-2025-2026/80zg2v1cuqcfhphn56u4qpyqc/match/view/3mfg133s0kwtlbnaes34dxhxw,Sevilla,Espanyol,2,1,35
9/5/2026,3logguenlwy065aa7gb1hf3tg,https://www.scoresway.com/en_GB/soccer/primera-divisi%C3%B3n-2025-2026/80zg2v1cuqcfhphn56u4qpyqc/match/view/3logguenlwy065aa7gb1hf3tg,Elche,Alavés,1,1,35
8/5/2026,3kvn4dplqj7ecztktcd1afhuc,https://www.scoresway.com/en_GB/soccer/primera-divisi%C3%B3n-2025-2026/80zg2v1cuqcfhphn56u4qpyqc/match/view/3kvn4dplqj7ecztktcd1afhuc,Levante,Osasuna,3,2,35
4/5/2026,3fzj97pollbznset694q593bo,https://www.scoresway.com/en_GB/soccer/primera-divisi%C3%B3n-2025-2026/80zg2v1cuqcfhphn56u4qpyqc/match/view/3fzj97pollbznset694q593bo,Sevilla,Real Sociedad,1,0,34
3/5/2026,3hj39lcguw2pwxyqlq86jqntg,https://www.scoresway.com/en_GB/soccer/primera-divisi%C3%B3n-2025-2026/80zg2v1cuqcfhphn56u4qpyqc/match/view/3hj39lcguw2pwxyqlq86jqntg,Espanyol,Real Madrid,0,2,34
3/5/2026,3gs6lllokoo9wk19co9k4yyac,https://www.scoresway.com/en_GB/soccer/primera-divisi%C3%B3n-2025-2026/80zg2v1cuqcfhphn56u4qpyqc/match/view/3gs6lllokoo9wk19co9k4yyac,Betis,Oviedo,3,0,34
3/5/2026,3hwithiznhjl7ecaoxv7hemfo,https://www.scoresway.com/en_GB/soccer/primera-divisi%C3%B3n-2025-2026/80zg2v1cuqcfhphn56u4qpyqc/match/view/3hwithiznhjl7ecaoxv7hemfo,Getafe,Rayo,0,2,34
3/5/2026,3h5n4m7klbnl9dx9yx9w5zk7o,https://www.scoresway.com/en_GB/soccer/primera-divisi%C3%B3n-2025-2026/80zg2v1cuqcfhphn56u4qpyqc/match/view/3h5n4m7klbnl9dx9yx9w5zk7o,Celta,Elche,3,1,34
2/5/2026,3j0vwkubszbtkr21f7upb4il0,https://www.scoresway.com/en_GB/soccer/primera-divisi%C3%B3n-2025-2026/80zg2v1cuqcfhphn56u4qpyqc/match/view/3j0vwkubszbtkr21f7upb4il0,Osasuna,Barcelona,1,2,34
2/5/2026,3getgrlqh307l5da5tutqt3pw,https://www.scoresway.com/en_GB/soccer/primera-divisi%C3%B3n-2025-2026/80zg2v1cuqcfhphn56u4qpyqc/match/view/3getgrlqh307l5da5tutqt3pw,Alavés,Athletic,2,4,34
2/5/2026,3indehxonm3sorl5dn4ojvj84,https://www.scoresway.com/en_GB/soccer/primera-divisi%C3%B3n-2025-2026/80zg2v1cuqcfhphn56u4qpyqc/match/view/3indehxonm3sorl5dn4ojvj84,Valencia,Atlético,0,2,34
2/5/2026,3fm6zt7nl7hs2oolj5ksug3ys,https://www.scoresway.com/en_GB/soccer/primera-divisi%C3%B3n-2025-2026/80zg2v1cuqcfhphn56u4qpyqc/match/view/3fm6zt7nl7hs2oolj5ksug3ys,Villarreal,Levante,5,1,34
1/5/2026,3i9z3nd0s3lxkt3l5hpy8wil0,https://www.scoresway.com/en_GB/soccer/primera-divisi%C3%B3n-2025-2026/80zg2v1cuqcfhphn56u4qpyqc/match/view/3i9z3nd0s3lxkt3l5hpy8wil0,Girona,Mallorca,0,1,34
23/4/2026,3dqveie2v1c7dydqpn40ccyl0,https://www.scoresway.com/en_GB/soccer/primera-divisi%C3%B3n-2025-2026/80zg2v1cuqcfhphn56u4qpyqc/match/view/3dqveie2v1c7dydqpn40ccyl0,Oviedo,Villarreal,1,1,33
23/4/2026,3f8qbmbzrg2o195netsozsmxg,https://www.scoresway.com/en_GB/soccer/primera-divisi%C3%B3n-2025-2026/80zg2v1cuqcfhphn56u4qpyqc/match/view/3f8qbmbzrg2o195netsozsmxg,Rayo,Espanyol,1,0,33
23/4/2026,3d093m8yc27r7p3gumt3gg4d0,https://www.scoresway.com/en_GB/soccer/primera-divisi%C3%B3n-2025-2026/80zg2v1cuqcfhphn56u4qpyqc/match/view/3d093m8yc27r7p3gumt3gg4d0,Levante,Sevilla,2,0,33
22/4/2026,3cmwlyivmqd5wesvf6o13mtjo,https://www.scoresway.com/en_GB/soccer/primera-divisi%C3%B3n-2025-2026/80zg2v1cuqcfhphn56u4qpyqc/match/view/3cmwlyivmqd5wesvf6o13mtjo,Barcelona,Celta,1,0,33
22/4/2026,3bvyrbl5qq7s93s7yat969q1g,https://www.scoresway.com/en_GB/soccer/primera-divisi%C3%B3n-2025-2026/80zg2v1cuqcfhphn56u4qpyqc/match/view/3bvyrbl5qq7s93s7yat969q1g,Real Sociedad,Getafe,0,1,33
22/4/2026,3ehzlcos9xo56ol70wttwmu50,https://www.scoresway.com/en_GB/soccer/primera-divisi%C3%B3n-2025-2026/80zg2v1cuqcfhphn56u4qpyqc/match/view/3ehzlcos9xo56ol70wttwmu50,Elche,Atlético,3,2,33
21/4/2026,3e4k0muk9qdqz748em5e5dtzo,https://www.scoresway.com/en_GB/soccer/primera-divisi%C3%B3n-2025-2026/80zg2v1cuqcfhphn56u4qpyqc/match/view/3e4k0muk9qdqz748em5e5dtzo,Real Madrid,Alavés,2,1,33
21/4/2026,3eve0z8ko67bbailw6nhbl3x0,https://www.scoresway.com/en_GB/soccer/primera-divisi%C3%B3n-2025-2026/80zg2v1cuqcfhphn56u4qpyqc/match/view/3eve0z8ko67bbailw6nhbl3x0,Girona,Betis,2,3,33
21/4/2026,3ddiuilkmzwc7z89f5cjy1pn8,https://www.scoresway.com/en_GB/soccer/primera-divisi%C3%B3n-2025-2026/80zg2v1cuqcfhphn56u4qpyqc/match/view/3ddiuilkmzwc7z89f5cjy1pn8,Mallorca,Valencia,1,1,33
21/4/2026,3c9hm7srm769qr9qfg4prhlhw,https://www.scoresway.com/en_GB/soccer/primera-divisi%C3%B3n-2025-2026/80zg2v1cuqcfhphn56u4qpyqc/match/view/3c9hm7srm769qr9qfg4prhlhw,Athletic,Osasuna,1,0,33
27/4/2026,394u1x6d00xy857x0kzh48oic,https://www.scoresway.com/en_GB/soccer/primera-divisi%C3%B3n-2025-2026/80zg2v1cuqcfhphn56u4qpyqc/match/view/394u1x6d00xy857x0kzh48oic,Espanyol,Levante,0,0,32
26/4/2026,3b3hklhztdbiyiwxo9qwh80lw,https://www.scoresway.com/en_GB/soccer/primera-divisi%C3%B3n-2025-2026/80zg2v1cuqcfhphn56u4qpyqc/match/view/3b3hklhztdbiyiwxo9qwh80lw,Villarreal,Celta,2,1,32
26/4/2026,39ifvpi5wnexvu36qh4irjbx0,https://www.scoresway.com/en_GB/soccer/primera-divisi%C3%B3n-2025-2026/80zg2v1cuqcfhphn56u4qpyqc/match/view/39ifvpi5wnexvu36qh4irjbx0,Osasuna,Sevilla,2,1,32
26/4/2026,3bihehy0y8mtxizg74rkkuh3o,https://www.scoresway.com/en_GB/soccer/primera-divisi%C3%B3n-2025-2026/80zg2v1cuqcfhphn56u4qpyqc/match/view/3bihehy0y8mtxizg74rkkuh3o,Oviedo,Elche,1,2,32
26/4/2026,39yze5lq7b1227m0ry1qpjfh0,https://www.scoresway.com/en_GB/soccer/primera-divisi%C3%B3n-2025-2026/80zg2v1cuqcfhphn56u4qpyqc/match/view/39yze5lq7b1227m0ry1qpjfh0,Rayo,Real Sociedad,3,3,32
25/4/2026,3achbi56yevn41ahu7amhx638,https://www.scoresway.com/en_GB/soccer/primera-divisi%C3%B3n-2025-2026/80zg2v1cuqcfhphn56u4qpyqc/match/view/3achbi56yevn41ahu7amhx638,Atlético,Athletic,3,2,32
25/4/2026,380ebum8hdpxn90su6vzm4bo4,https://www.scoresway.com/en_GB/soccer/primera-divisi%C3%B3n-2025-2026/80zg2v1cuqcfhphn56u4qpyqc/match/view/380ebum8hdpxn90su6vzm4bo4,Valencia,Girona,2,1,32
25/4/2026,3apuzcf26kfvpej8uc98l2n10,https://www.scoresway.com/en_GB/soccer/primera-divisi%C3%B3n-2025-2026/80zg2v1cuqcfhphn56u4qpyqc/match/view/3apuzcf26kfvpej8uc98l2n10,Getafe,Barcelona,0,2,32
25/4/2026,38dsrz394cwn8gbxbm6ahnllg,https://www.scoresway.com/en_GB/soccer/primera-divisi%C3%B3n-2025-2026/80zg2v1cuqcfhphn56u4qpyqc/match/view/38dsrz394cwn8gbxbm6ahnllg,Alavés,Mallorca,2,1,32
24/4/2026,38r38grppqfwcb99s9ikyv6s4,https://www.scoresway.com/en_GB/soccer/primera-divisi%C3%B3n-2025-2026/80zg2v1cuqcfhphn56u4qpyqc/match/view/38r38grppqfwcb99s9ikyv6s4,Betis,Real Madrid,1,1,32
13/4/2026,348p051ww3c5h5f7yu6puqplg,https://www.scoresway.com/en_GB/soccer/primera-divisi%C3%B3n-2025-2026/80zg2v1cuqcfhphn56u4qpyqc/match/view/348p051ww3c5h5f7yu6puqplg,Levante,Getafe,1,0,31
12/4/2026,34zj5er2za9qrjro5eq94ack4,https://www.scoresway.com/en_GB/soccer/primera-divisi%C3%B3n-2025-2026/80zg2v1cuqcfhphn56u4qpyqc/match/view/34zj5er2za9qrjro5eq94ack4,Athletic,Villarreal,1,2,31
12/4/2026,35q4pov6mhtlujc68n1nz7bpw,https://www.scoresway.com/en_GB/soccer/primera-divisi%C3%B3n-2025-2026/80zg2v1cuqcfhphn56u4qpyqc/match/view/35q4pov6mhtlujc68n1nz7bpw,Celta,Oviedo,0,3,31
12/4/2026,36img9yditg3x8kvo810l3ims,https://www.scoresway.com/en_GB/soccer/primera-divisi%C3%B3n-2025-2026/80zg2v1cuqcfhphn56u4qpyqc/match/view/36img9yditg3x8kvo810l3ims,Mallorca,Rayo,3,0,31
12/4/2026,37mlon39zla9t9jjetz0zei38,https://www.scoresway.com/en_GB/soccer/primera-divisi%C3%B3n-2025-2026/80zg2v1cuqcfhphn56u4qpyqc/match/view/37mlon39zla9t9jjetz0zei38,Osasuna,Betis,1,1,31
11/4/2026,3799288svdt7jtyvzloemtt04,https://www.scoresway.com/en_GB/soccer/primera-divisi%C3%B3n-2025-2026/80zg2v1cuqcfhphn56u4qpyqc/match/view/3799288svdt7jtyvzloemtt04,Sevilla,Atlético,2,1,31
11/4/2026,35cufmoxi0kf40kxn49gj71g4,https://www.scoresway.com/en_GB/soccer/primera-divisi%C3%B3n-2025-2026/80zg2v1cuqcfhphn56u4qpyqc/match/view/35cufmoxi0kf40kxn49gj71g4,Barcelona,Espanyol,4,1,31
11/4/2026,363nbiu36arb8us8vuxlizqc4,https://www.scoresway.com/en_GB/soccer/primera-divisi%C3%B3n-2025-2026/80zg2v1cuqcfhphn56u4qpyqc/match/view/363nbiu36arb8us8vuxlizqc4,Elche,Valencia,1,0,31
11/4/2026,36vy9cu402k8m0goxchkpmpzo,https://www.scoresway.com/en_GB/soccer/primera-divisi%C3%B3n-2025-2026/80zg2v1cuqcfhphn56u4qpyqc/match/view/36vy9cu402k8m0goxchkpmpzo,Real Sociedad,Alavés,3,3,31
10/4/2026,34m6ahxmkq28k9h8al6i9gsno,https://www.scoresway.com/en_GB/soccer/primera-divisi%C3%B3n-2025-2026/80zg2v1cuqcfhphn56u4qpyqc/match/view/34m6ahxmkq28k9h8al6i9gsno,Real Madrid,Girona,1,1,31
6/4/2026,32qxs3ohgfo1bgb2g7k7we9zo,https://www.scoresway.com/en_GB/soccer/primera-divisi%C3%B3n-2025-2026/80zg2v1cuqcfhphn56u4qpyqc/match/view/32qxs3ohgfo1bgb2g7k7we9zo,Girona,Villarreal,1,0,30
5/4/2026,31mkjysd2ypln9u9s88ge8qhg,https://www.scoresway.com/en_GB/soccer/primera-divisi%C3%B3n-2025-2026/80zg2v1cuqcfhphn56u4qpyqc/match/view/31mkjysd2ypln9u9s88ge8qhg,Alavés,Osasuna,2,2,30
5/4/2026,33hvcbq5xmb0wo3x4r5p3w1ec,https://www.scoresway.com/en_GB/soccer/primera-divisi%C3%B3n-2025-2026/80zg2v1cuqcfhphn56u4qpyqc/match/view/33hvcbq5xmb0wo3x4r5p3w1ec,Oviedo,Sevilla,1,0,30
5/4/2026,30gnuehy43on5orc9n3sh8pw4,https://www.scoresway.com/en_GB/soccer/primera-divisi%C3%B3n-2025-2026/80zg2v1cuqcfhphn56u4qpyqc/match/view/30gnuehy43on5orc9n3sh8pw4,Valencia,Celta,2,3,30
5/4/2026,33vcbxcbnojlxdm39q4elkutw,https://www.scoresway.com/en_GB/soccer/primera-divisi%C3%B3n-2025-2026/80zg2v1cuqcfhphn56u4qpyqc/match/view/33vcbxcbnojlxdm39q4elkutw,Getafe,Athletic,2,0,30
4/4/2026,31zxsexwgw81km23uib95otuc,https://www.scoresway.com/en_GB/soccer/primera-divisi%C3%B3n-2025-2026/80zg2v1cuqcfhphn56u4qpyqc/match/view/31zxsexwgw81km23uib95otuc,Atlético,Barcelona,1,2,30
4/4/2026,32dgfvl5v0zo942n2e2zihfdg,https://www.scoresway.com/en_GB/soccer/primera-divisi%C3%B3n-2025-2026/80zg2v1cuqcfhphn56u4qpyqc/match/view/32dgfvl5v0zo942n2e2zihfdg,Betis,Espanyol,0,0,30
4/4/2026,334grr0hqs8zr92mx518hdjpw,https://www.scoresway.com/en_GB/soccer/primera-divisi%C3%B3n-2025-2026/80zg2v1cuqcfhphn56u4qpyqc/match/view/334grr0hqs8zr92mx518hdjpw,Mallorca,Real Madrid,2,1,30
4/4/2026,317f8nnd5kiqw5pomd91v86j8,https://www.scoresway.com/en_GB/soccer/primera-divisi%C3%B3n-2025-2026/80zg2v1cuqcfhphn56u4qpyqc/match/view/317f8nnd5kiqw5pomd91v86j8,Real Sociedad,Levante,2,0,30
3/4/2026,30u02n6fw3bxc2lk51wv1cowk,https://www.scoresway.com/en_GB/soccer/primera-divisi%C3%B3n-2025-2026/80zg2v1cuqcfhphn56u4qpyqc/match/view/30u02n6fw3bxc2lk51wv1cowk,Rayo,Elche,1,0,30
22/3/2026,2wpgnr91h1yid0zf4zu0y5afo,https://www.scoresway.com/en_GB/soccer/primera-divisi%C3%B3n-2025-2026/80zg2v1cuqcfhphn56u4qpyqc/match/view/2wpgnr91h1yid0zf4zu0y5afo,Real Madrid,Atlético,3,2,29
22/3/2026,2xuajcyluofrmnt1siit15jbo,https://www.scoresway.com/en_GB/soccer/primera-divisi%C3%B3n-2025-2026/80zg2v1cuqcfhphn56u4qpyqc/match/view/2xuajcyluofrmnt1siit15jbo,Athletic,Betis,2,1,29
22/3/2026,3036nph9xhmltiks40aso8lck,https://www.scoresway.com/en_GB/soccer/primera-divisi%C3%B3n-2025-2026/80zg2v1cuqcfhphn56u4qpyqc/match/view/3036nph9xhmltiks40aso8lck,Celta,Alavés,3,4,29
22/3/2026,2y7mqtoumr3710vgfit7046j8,https://www.scoresway.com/en_GB/soccer/primera-divisi%C3%B3n-2025-2026/80zg2v1cuqcfhphn56u4qpyqc/match/view/2y7mqtoumr3710vgfit7046j8,Barcelona,Rayo,1,0,29
21/3/2026,2zpoy8pxorsqwffemhjkcff2s,https://www.scoresway.com/en_GB/soccer/primera-divisi%C3%B3n-2025-2026/80zg2v1cuqcfhphn56u4qpyqc/match/view/2zpoy8pxorsqwffemhjkcff2s,Sevilla,Valencia,0,2,29
21/3/2026,2x2xudpjc4s1hoolcluxehudw,https://www.scoresway.com/en_GB/soccer/primera-divisi%C3%B3n-2025-2026/80zg2v1cuqcfhphn56u4qpyqc/match/view/2x2xudpjc4s1hoolcluxehudw,Osasuna,Girona,1,0,29
21/3/2026,2zc6div45o8artjqg9vrawb2s,https://www.scoresway.com/en_GB/soccer/primera-divisi%C3%B3n-2025-2026/80zg2v1cuqcfhphn56u4qpyqc/match/view/2zc6div45o8artjqg9vrawb2s,Levante,Oviedo,4,2,29
21/3/2026,2yypobxbbgweakpwxt4090v10,https://www.scoresway.com/en_GB/soccer/primera-divisi%C3%B3n-2025-2026/80zg2v1cuqcfhphn56u4qpyqc/match/view/2yypobxbbgweakpwxt4090v10,Espanyol,Getafe,1,2,29
21/3/2026,2yl5s151fw9kjhq3j3dx1g2l0,https://www.scoresway.com/en_GB/soccer/primera-divisi%C3%B3n-2025-2026/80zg2v1cuqcfhphn56u4qpyqc/match/view/2yl5s151fw9kjhq3j3dx1g2l0,Elche,Mallorca,2,1,29
20/3/2026,2xgn2f7ghbsseb9afxdo1atqs,https://www.scoresway.com/en_GB/soccer/primera-divisi%C3%B3n-2025-2026/80zg2v1cuqcfhphn56u4qpyqc/match/view/2xgn2f7ghbsseb9afxdo1atqs,Villarreal,Real Sociedad,3,1,29
16/3/2026,2toal4qg8ohxn3hh50m9lrac4,https://www.scoresway.com/en_GB/soccer/primera-divisi%C3%B3n-2025-2026/80zg2v1cuqcfhphn56u4qpyqc/match/view/2toal4qg8ohxn3hh50m9lrac4,Rayo,Levante,1,1,28
15/3/2026,2uf6893vxahtyej21o0yj2vbo,https://www.scoresway.com/en_GB/soccer/primera-divisi%C3%B3n-2025-2026/80zg2v1cuqcfhphn56u4qpyqc/match/view/2uf6893vxahtyej21o0yj2vbo,Real Sociedad,Osasuna,3,1,28
15/3/2026,2vji7tw0khxdvfeo52geb0jkk,https://www.scoresway.com/en_GB/soccer/primera-divisi%C3%B3n-2025-2026/80zg2v1cuqcfhphn56u4qpyqc/match/view/2vji7tw0khxdvfeo52geb0jkk,Betis,Celta,1,1,28
15/3/2026,2v65xqf9xnj8r2gxj9akbtqfo,https://www.scoresway.com/en_GB/soccer/primera-divisi%C3%B3n-2025-2026/80zg2v1cuqcfhphn56u4qpyqc/match/view/2v65xqf9xnj8r2gxj9akbtqfo,Barcelona,Sevilla,5,2,28
15/3/2026,2taxjp7kgsyqb2x6zjjbiwys4,https://www.scoresway.com/en_GB/soccer/primera-divisi%C3%B3n-2025-2026/80zg2v1cuqcfhphn56u4qpyqc/match/view/2taxjp7kgsyqb2x6zjjbiwys4,Mallorca,Espanyol,2,1,28
14/3/2026,2sx9kf2syjyyqwaxz74i46n10,https://www.scoresway.com/en_GB/soccer/primera-divisi%C3%B3n-2025-2026/80zg2v1cuqcfhphn56u4qpyqc/match/view/2sx9kf2syjyyqwaxz74i46n10,Real Madrid,Elche,4,1,28
14/3/2026,2vwyt47ub9v6e27mu6ddaxhqs,https://www.scoresway.com/en_GB/soccer/primera-divisi%C3%B3n-2025-2026/80zg2v1cuqcfhphn56u4qpyqc/match/view/2vwyt47ub9v6e27mu6ddaxhqs,Oviedo,Valencia,1,0,28
14/3/2026,2usu4a3m9ufgguju2iqilurys,https://www.scoresway.com/en_GB/soccer/primera-divisi%C3%B3n-2025-2026/80zg2v1cuqcfhphn56u4qpyqc/match/view/2usu4a3m9ufgguju2iqilurys,Atlético,Getafe,1,0,28
14/3/2026,2wafcyp42h9q6jqi5chgfl3x0,https://www.scoresway.com/en_GB/soccer/primera-divisi%C3%B3n-2025-2026/80zg2v1cuqcfhphn56u4qpyqc/match/view/2wafcyp42h9q6jqi5chgfl3x0,Girona,Athletic,3,0,28
13/3/2026,2u1nsiwpvio7gzjecn4cnhq8k,https://www.scoresway.com/en_GB/soccer/primera-divisi%C3%B3n-2025-2026/80zg2v1cuqcfhphn56u4qpyqc/match/view/2u1nsiwpvio7gzjecn4cnhq8k,Alavés,Villarreal,1,1,28
9/3/2026,2rdu4yg44ic1xh5ymhhx1yolw,https://www.scoresway.com/en_GB/soccer/primera-divisi%C3%B3n-2025-2026/80zg2v1cuqcfhphn56u4qpyqc/match/view/2rdu4yg44ic1xh5ymhhx1yolw,Espanyol,Oviedo,1,1,27
8/3/2026,2rswicw0gb42ehlbg8gcvyjh0,https://www.scoresway.com/en_GB/soccer/primera-divisi%C3%B3n-2025-2026/80zg2v1cuqcfhphn56u4qpyqc/match/view/2rswicw0gb42ehlbg8gcvyjh0,Valencia,Alavés,3,2,27
8/3/2026,2pwdpb63byqohajaokb5793pw,https://www.scoresway.com/en_GB/soccer/primera-divisi%C3%B3n-2025-2026/80zg2v1cuqcfhphn56u4qpyqc/match/view/2pwdpb63byqohajaokb5793pw,Sevilla,Rayo,1,1,27
8/3/2026,2s67ol8ci5kpjktfuw80c58gk,https://www.scoresway.com/en_GB/soccer/primera-divisi%C3%B3n-2025-2026/80zg2v1cuqcfhphn56u4qpyqc/match/view/2s67ol8ci5kpjktfuw80c58gk,Getafe,Betis,2,0,27
8/3/2026,2sjqtzqw7toxdc5xpqu843vh0,https://www.scoresway.com/en_GB/soccer/primera-divisi%C3%B3n-2025-2026/80zg2v1cuqcfhphn56u4qpyqc/match/view/2sjqtzqw7toxdc5xpqu843vh0,Villarreal,Elche,2,1,27
7/3/2026,2q9tc31q3pa181h1jnjxvfqc4,https://www.scoresway.com/en_GB/soccer/primera-divisi%C3%B3n-2025-2026/80zg2v1cuqcfhphn56u4qpyqc/match/view/2q9tc31q3pa181h1jnjxvfqc4,Athletic,Barcelona,0,1,27
7/3/2026,2qn6lwhn5o37o0hl1unj5hl3o,https://www.scoresway.com/en_GB/soccer/primera-divisi%C3%B3n-2025-2026/80zg2v1cuqcfhphn56u4qpyqc/match/view/2qn6lwhn5o37o0hl1unj5hl3o,Atlético,Real Sociedad,3,2,27
7/3/2026,2p5lebd6sut2o58yyixozunmc,https://www.scoresway.com/en_GB/soccer/primera-divisi%C3%B3n-2025-2026/80zg2v1cuqcfhphn56u4qpyqc/match/view/2p5lebd6sut2o58yyixozunmc,Levante,Girona,1,1,27
7/3/2026,2pivvji4pf47xn5ziqca3ttlg,https://www.scoresway.com/en_GB/soccer/primera-divisi%C3%B3n-2025-2026/80zg2v1cuqcfhphn56u4qpyqc/match/view/2pivvji4pf47xn5ziqca3ttlg,Osasuna,Mallorca,2,2,27
6/3/2026,2r0l3iazgy14lquy2273uny1g,https://www.scoresway.com/en_GB/soccer/primera-divisi%C3%B3n-2025-2026/80zg2v1cuqcfhphn56u4qpyqc/match/view/2r0l3iazgy14lquy2273uny1g,Celta,Real Madrid,1,2,27
2/3/2026,2m4sef2l4im49rda90k3p41lg,https://www.scoresway.com/en_GB/soccer/primera-divisi%C3%B3n-2025-2026/80zg2v1cuqcfhphn56u4qpyqc/match/view/2m4sef2l4im49rda90k3p41lg,Real Madrid,Getafe,0,1,26
1/3/2026,2lrcyrg6x6b1wz9q1xeyggkyc,https://www.scoresway.com/en_GB/soccer/primera-divisi%C3%B3n-2025-2026/80zg2v1cuqcfhphn56u4qpyqc/match/view/2lrcyrg6x6b1wz9q1xeyggkyc,Girona,Celta,1,2,26
1/3/2026,2napzcxsfy1ju0ixutyi6z8yc,https://www.scoresway.com/en_GB/soccer/primera-divisi%C3%B3n-2025-2026/80zg2v1cuqcfhphn56u4qpyqc/match/view/2napzcxsfy1ju0ixutyi6z8yc,Betis,Sevilla,2,2,26
1/3/2026,2mieos6z7lqo2pb9bsl6j0xsk,https://www.scoresway.com/en_GB/soccer/primera-divisi%C3%B3n-2025-2026/80zg2v1cuqcfhphn56u4qpyqc/match/view/2mieos6z7lqo2pb9bsl6j0xsk,Valencia,Osasuna,1,0,26
1/3/2026,2no6er6enaks2abnft8fknndg,https://www.scoresway.com/en_GB/soccer/primera-divisi%C3%B3n-2025-2026/80zg2v1cuqcfhphn56u4qpyqc/match/view/2no6er6enaks2abnft8fknndg,Elche,Espanyol,2,2,26
28/2/2026,2ldv2nafpzvwhdympdp0rff9w,https://www.scoresway.com/en_GB/soccer/primera-divisi%C3%B3n-2025-2026/80zg2v1cuqcfhphn56u4qpyqc/match/view/2ldv2nafpzvwhdympdp0rff9w,Oviedo,Atlético,0,1,26
28/2/2026,2o1qezfdq50juhi4b82nyesk4,https://www.scoresway.com/en_GB/soccer/primera-divisi%C3%B3n-2025-2026/80zg2v1cuqcfhphn56u4qpyqc/match/view/2o1qezfdq50juhi4b82nyesk4,Mallorca,Real Sociedad,0,1,26
28/2/2026,2mxi4zs0db40fjabi1d36b9ck,https://www.scoresway.com/en_GB/soccer/primera-divisi%C3%B3n-2025-2026/80zg2v1cuqcfhphn56u4qpyqc/match/view/2mxi4zs0db40fjabi1d36b9ck,Barcelona,Villarreal,4,1,26
28/2/2026,2osbe65qugeqj4btj6y4t4pas,https://www.scoresway.com/en_GB/soccer/primera-divisi%C3%B3n-2025-2026/80zg2v1cuqcfhphn56u4qpyqc/match/view/2osbe65qugeqj4btj6y4t4pas,Rayo,Athletic,1,1,26
27/2/2026,2of0ec1j3qlwnm140nciptixg,https://www.scoresway.com/en_GB/soccer/primera-divisi%C3%B3n-2025-2026/80zg2v1cuqcfhphn56u4qpyqc/match/view/2of0ec1j3qlwnm140nciptixg,Levante,Alavés,2,0,26
23/2/2026,2j5gbrfdr52r652taci2oin84,https://www.scoresway.com/en_GB/soccer/primera-divisi%C3%B3n-2025-2026/80zg2v1cuqcfhphn56u4qpyqc/match/view/2j5gbrfdr52r652taci2oin84,Alavés,Girona,2,2,25
22/2/2026,2ieudkqygyu0aa32xvmgllc7o,https://www.scoresway.com/en_GB/soccer/primera-divisi%C3%B3n-2025-2026/80zg2v1cuqcfhphn56u4qpyqc/match/view/2ieudkqygyu0aa32xvmgllc7o,Villarreal,Valencia,2,1,25
22/2/2026,2l0hlraqbbo3sgfhtv0iaa49g,https://www.scoresway.com/en_GB/soccer/primera-divisi%C3%B3n-2025-2026/80zg2v1cuqcfhphn56u4qpyqc/match/view/2l0hlraqbbo3sgfhtv0iaa49g,Celta,Mallorca,2,0,25
22/2/2026,2k9uw8chd5ol6b9rrw5ftnc44,https://www.scoresway.com/en_GB/soccer/primera-divisi%C3%B3n-2025-2026/80zg2v1cuqcfhphn56u4qpyqc/match/view/2k9uw8chd5ol6b9rrw5ftnc44,Barcelona,Levante,3,0,25
22/2/2026,2hktnqo0d8lx8h65s2ac67ac4,https://www.scoresway.com/en_GB/soccer/primera-divisi%C3%B3n-2025-2026/80zg2v1cuqcfhphn56u4qpyqc/match/view/2hktnqo0d8lx8h65s2ac67ac4,Getafe,Sevilla,0,1,25
21/2/2026,2jwf7cpzm72lrajndbtk03das,https://www.scoresway.com/en_GB/soccer/primera-divisi%C3%B3n-2025-2026/80zg2v1cuqcfhphn56u4qpyqc/match/view/2jwf7cpzm72lrajndbtk03das,Atlético,Espanyol,4,2,25
21/2/2026,2i1fz7uysfcivnrqrbpsybfo4,https://www.scoresway.com/en_GB/soccer/primera-divisi%C3%B3n-2025-2026/80zg2v1cuqcfhphn56u4qpyqc/match/view/2i1fz7uysfcivnrqrbpsybfo4,Osasuna,Real Madrid,2,1,25
21/2/2026,2kn874mea28rs8m0s333xmp78,https://www.scoresway.com/en_GB/soccer/primera-divisi%C3%B3n-2025-2026/80zg2v1cuqcfhphn56u4qpyqc/match/view/2kn874mea28rs8m0s333xmp78,Betis,Rayo,1,1,25
21/2/2026,2is2f0giwb65xpuanzsstcs2c,https://www.scoresway.com/en_GB/soccer/primera-divisi%C3%B3n-2025-2026/80zg2v1cuqcfhphn56u4qpyqc/match/view/2is2f0giwb65xpuanzsstcs2c,Real Sociedad,Oviedo,3,3,25
20/2/2026,2jiyipev8f7wvnf4rp16n8n4k,https://www.scoresway.com/en_GB/soccer/primera-divisi%C3%B3n-2025-2026/80zg2v1cuqcfhphn56u4qpyqc/match/view/2jiyipev8f7wvnf4rp16n8n4k,Athletic,Elche,2,1,25
16/2/2026,2elfffvt87h2apmhh2c0et3pw,https://www.scoresway.com/en_GB/soccer/primera-divisi%C3%B3n-2025-2026/80zg2v1cuqcfhphn56u4qpyqc/match/view/2elfffvt87h2apmhh2c0et3pw,Girona,Barcelona,2,1,24
15/2/2026,2eyrfe9uog3f5s72qy88imxp0,https://www.scoresway.com/en_GB/soccer/primera-divisi%C3%B3n-2025-2026/80zg2v1cuqcfhphn56u4qpyqc/match/view/2eyrfe9uog3f5s72qy88imxp0,Mallorca,Betis,1,2,24
15/2/2026,2ggfagcn46v6b5rbqpgdj7das,https://www.scoresway.com/en_GB/soccer/primera-divisi%C3%B3n-2025-2026/80zg2v1cuqcfhphn56u4qpyqc/match/view/2ggfagcn46v6b5rbqpgdj7das,Levante,Valencia,0,2,24
15/2/2026,2e85uzw4i0hdq9tlf0m02mo7o,https://www.scoresway.com/en_GB/soccer/primera-divisi%C3%B3n-2025-2026/80zg2v1cuqcfhphn56u4qpyqc/match/view/2e85uzw4i0hdq9tlf0m02mo7o,Rayo,Atlético,3,0,24
15/2/2026,2dut8dksy5wicxc8bk1fy582c,https://www.scoresway.com/en_GB/soccer/primera-divisi%C3%B3n-2025-2026/80zg2v1cuqcfhphn56u4qpyqc/match/view/2dut8dksy5wicxc8bk1fy582c,Oviedo,Athletic,1,2,24
14/2/2026,2gtyyqnsw87ojqc60b9b50dn8,https://www.scoresway.com/en_GB/soccer/primera-divisi%C3%B3n-2025-2026/80zg2v1cuqcfhphn56u4qpyqc/match/view/2gtyyqnsw87ojqc60b9b50dn8,Real Madrid,Real Sociedad,4,1,24
14/2/2026,2h7d8ukaxlbxzfalz2jej5us4,https://www.scoresway.com/en_GB/soccer/primera-divisi%C3%B3n-2025-2026/80zg2v1cuqcfhphn56u4qpyqc/match/view/2h7d8ukaxlbxzfalz2jej5us4,Sevilla,Alavés,1,1,24
14/2/2026,2g2ynxffaiw8no1j61y45vvh0,https://www.scoresway.com/en_GB/soccer/primera-divisi%C3%B3n-2025-2026/80zg2v1cuqcfhphn56u4qpyqc/match/view/2g2ynxffaiw8no1j61y45vvh0,Getafe,Villarreal,2,1,24
14/2/2026,2fc1kvignx7oybca1wqs2gsgk,https://www.scoresway.com/en_GB/soccer/primera-divisi%C3%B3n-2025-2026/80zg2v1cuqcfhphn56u4qpyqc/match/view/2fc1kvignx7oybca1wqs2gsgk,Espanyol,Celta,2,2,24
13/2/2026,2fpgp04qfqn3zanmznei2zmdw,https://www.scoresway.com/en_GB/soccer/primera-divisi%C3%B3n-2025-2026/80zg2v1cuqcfhphn56u4qpyqc/match/view/2fpgp04qfqn3zanmznei2zmdw,Elche,Osasuna,0,0,24
4/3/2026,2byg0dchhk26dnihjtq1wa0pg,https://www.scoresway.com/en_GB/soccer/primera-divisi%C3%B3n-2025-2026/80zg2v1cuqcfhphn56u4qpyqc/match/view/2byg0dchhk26dnihjtq1wa0pg,Rayo,Oviedo,3,0,23
9/2/2026,2au8colu3pbwws92o9q03i9zo,https://www.scoresway.com/en_GB/soccer/primera-divisi%C3%B3n-2025-2026/80zg2v1cuqcfhphn56u4qpyqc/match/view/2au8colu3pbwws92o9q03i9zo,Villarreal,Espanyol,4,1,23
8/2/2026,2bl3hdm49yj3nhnvngy8p6qs4,https://www.scoresway.com/en_GB/soccer/primera-divisi%C3%B3n-2025-2026/80zg2v1cuqcfhphn56u4qpyqc/match/view/2bl3hdm49yj3nhnvngy8p6qs4,Valencia,Real Madrid,0,2,23
8/2/2026,2d48hhckok4yi8bluy55trf2s,https://www.scoresway.com/en_GB/soccer/primera-divisi%C3%B3n-2025-2026/80zg2v1cuqcfhphn56u4qpyqc/match/view/2d48hhckok4yi8bluy55trf2s,Atlético,Betis,0,1,23
8/2/2026,2b7m8c3nipodfdjjb4e6akqok,https://www.scoresway.com/en_GB/soccer/primera-divisi%C3%B3n-2025-2026/80zg2v1cuqcfhphn56u4qpyqc/match/view/2b7m8c3nipodfdjjb4e6akqok,Sevilla,Girona,1,1,23
8/2/2026,2cp6ugeg62t6fg02bkkkukums,https://www.scoresway.com/en_GB/soccer/primera-divisi%C3%B3n-2025-2026/80zg2v1cuqcfhphn56u4qpyqc/match/view/2cp6ugeg62t6fg02bkkkukums,Athletic,Levante,4,2,23
8/2/2026,2cbrliiyprq7a205rp3w1qz9w,https://www.scoresway.com/en_GB/soccer/primera-divisi%C3%B3n-2025-2026/80zg2v1cuqcfhphn56u4qpyqc/match/view/2cbrliiyprq7a205rp3w1qz9w,Alavés,Getafe,0,2,23
7/2/2026,2agwdhyd4f3pb3wugya4art3o,https://www.scoresway.com/en_GB/soccer/primera-divisi%C3%B3n-2025-2026/80zg2v1cuqcfhphn56u4qpyqc/match/view/2agwdhyd4f3pb3wugya4art3o,Real Sociedad,Elche,3,1,23
7/2/2026,2dhi57c0oalm6wvrjttsm44k4,https://www.scoresway.com/en_GB/soccer/primera-divisi%C3%B3n-2025-2026/80zg2v1cuqcfhphn56u4qpyqc/match/view/2dhi57c0oalm6wvrjttsm44k4,Barcelona,Mallorca,3,0,23
6/2/2026,2a3fi3txct0dmxzfexhl3to2c,https://www.scoresway.com/en_GB/soccer/primera-divisi%C3%B3n-2025-2026/80zg2v1cuqcfhphn56u4qpyqc/match/view/2a3fi3txct0dmxzfexhl3to2c,Celta,Osasuna,1,2,23
2/2/2026,28z661pl07w40fr1in36f97o4,https://www.scoresway.com/en_GB/soccer/primera-divisi%C3%B3n-2025-2026/80zg2v1cuqcfhphn56u4qpyqc/match/view/28z661pl07w40fr1in36f97o4,Mallorca,Sevilla,4,1,22
1/2/2026,288lesgslzcbljs163839jl04,https://www.scoresway.com/en_GB/soccer/primera-divisi%C3%B3n-2025-2026/80zg2v1cuqcfhphn56u4qpyqc/match/view/288lesgslzcbljs163839jl04,Athletic,Real Sociedad,1,1,22
1/2/2026,272epdgf25skn7iaizs21mzh0,https://www.scoresway.com/en_GB/soccer/primera-divisi%C3%B3n-2025-2026/80zg2v1cuqcfhphn56u4qpyqc/match/view/272epdgf25skn7iaizs21mzh0,Getafe,Celta,0,0,22
1/2/2026,28lvz9j35a3we5r2jy9lff7dg,https://www.scoresway.com/en_GB/soccer/primera-divisi%C3%B3n-2025-2026/80zg2v1cuqcfhphn56u4qpyqc/match/view/28lvz9j35a3we5r2jy9lff7dg,Betis,Valencia,2,1,22
1/2/2026,27t0dyh53751craqajb3o62hg,https://www.scoresway.com/en_GB/soccer/primera-divisi%C3%B3n-2025-2026/80zg2v1cuqcfhphn56u4qpyqc/match/view/27t0dyh53751craqajb3o62hg,Real Madrid,Rayo,2,1,22
31/1/2026,26p4gv6nxij3gqaoea17rxct0,https://www.scoresway.com/en_GB/soccer/primera-divisi%C3%B3n-2025-2026/80zg2v1cuqcfhphn56u4qpyqc/match/view/26p4gv6nxij3gqaoea17rxct0,Elche,Barcelona,1,3,22
31/1/2026,26bsh372a4004fxjzg381qgb8,https://www.scoresway.com/en_GB/soccer/primera-divisi%C3%B3n-2025-2026/80zg2v1cuqcfhphn56u4qpyqc/match/view/26bsh372a4004fxjzg381qgb8,Levante,Atlético,0,0,22
31/1/2026,29cmof9w51qvhnakmp2oado9g,https://www.scoresway.com/en_GB/soccer/primera-divisi%C3%B3n-2025-2026/80zg2v1cuqcfhphn56u4qpyqc/match/view/29cmof9w51qvhnakmp2oado9g,Osasuna,Villarreal,2,2,22
31/1/2026,27fpawpnvii11w6oxcgm7a80k,https://www.scoresway.com/en_GB/soccer/primera-divisi%C3%B3n-2025-2026/80zg2v1cuqcfhphn56u4qpyqc/match/view/27fpawpnvii11w6oxcgm7a80k,Oviedo,Girona,1,0,22
30/1/2026,29q144duutijtrpdfzof1zims,https://www.scoresway.com/en_GB/soccer/primera-divisi%C3%B3n-2025-2026/80zg2v1cuqcfhphn56u4qpyqc/match/view/29q144duutijtrpdfzof1zims,Espanyol,Alavés,1,2,22
26/1/2026,23c7lgceh27fdelyfo5a4ygwk,https://www.scoresway.com/en_GB/soccer/primera-divisi%C3%B3n-2025-2026/80zg2v1cuqcfhphn56u4qpyqc/match/view/23c7lgceh27fdelyfo5a4ygwk,Girona,Getafe,1,1,21
25/1/2026,24ggs30od6yf2dz3uyz8zjlec,https://www.scoresway.com/en_GB/soccer/primera-divisi%C3%B3n-2025-2026/80zg2v1cuqcfhphn56u4qpyqc/match/view/24ggs30od6yf2dz3uyz8zjlec,Alavés,Betis,2,1,21
25/1/2026,25yd18qv80e97mjmlmv5vc4r8,https://www.scoresway.com/en_GB/soccer/primera-divisi%C3%B3n-2025-2026/80zg2v1cuqcfhphn56u4qpyqc/match/view/25yd18qv80e97mjmlmv5vc4r8,Real Sociedad,Celta,3,1,21
25/1/2026,257ci0bd6g6l3uk1fn5a0ob2s,https://www.scoresway.com/en_GB/soccer/primera-divisi%C3%B3n-2025-2026/80zg2v1cuqcfhphn56u4qpyqc/match/view/257ci0bd6g6l3uk1fn5a0ob2s,Barcelona,Oviedo,3,0,21
25/1/2026,24tv2ajrcwbqaq46kxd54mgpg,https://www.scoresway.com/en_GB/soccer/primera-divisi%C3%B3n-2025-2026/80zg2v1cuqcfhphn56u4qpyqc/match/view/24tv2ajrcwbqaq46kxd54mgpg,Atlético,Mallorca,3,0,21
24/1/2026,242xbwdul3xv3pwz602l6btw4,https://www.scoresway.com/en_GB/soccer/primera-divisi%C3%B3n-2025-2026/80zg2v1cuqcfhphn56u4qpyqc/match/view/242xbwdul3xv3pwz602l6btw4,Villarreal,Real Madrid,0,2,21
24/1/2026,25kz3clipo3v4d1gp3m23n5ec,https://www.scoresway.com/en_GB/soccer/primera-divisi%C3%B3n-2025-2026/80zg2v1cuqcfhphn56u4qpyqc/match/view/25kz3clipo3v4d1gp3m23n5ec,Sevilla,Athletic,2,1,21
24/1/2026,22x7y5lc2ynqrwdkh5kl64a38,https://www.scoresway.com/en_GB/soccer/primera-divisi%C3%B3n-2025-2026/80zg2v1cuqcfhphn56u4qpyqc/match/view/22x7y5lc2ynqrwdkh5kl64a38,Valencia,Espanyol,3,2,21
24/1/2026,23ph16hry56w3gdhgy3s5pafo,https://www.scoresway.com/en_GB/soccer/primera-divisi%C3%B3n-2025-2026/80zg2v1cuqcfhphn56u4qpyqc/match/view/23ph16hry56w3gdhgy3s5pafo,Rayo,Osasuna,1,3,21
23/1/2026,22jwwfu5djp7vwtjkvcujieqc,https://www.scoresway.com/en_GB/soccer/primera-divisi%C3%B3n-2025-2026/80zg2v1cuqcfhphn56u4qpyqc/match/view/22jwwfu5djp7vwtjkvcujieqc,Levante,Elche,3,2,21
19/1/2026,21t9p2uvl57vfs1xsytfooxzo,https://www.scoresway.com/en_GB/soccer/primera-divisi%C3%B3n-2025-2026/80zg2v1cuqcfhphn56u4qpyqc/match/view/21t9p2uvl57vfs1xsytfooxzo,Elche,Sevilla,2,2,20
18/1/2026,20boml0nnzxlvqvyy0ylfxdlg,https://www.scoresway.com/en_GB/soccer/primera-divisi%C3%B3n-2025-2026/80zg2v1cuqcfhphn56u4qpyqc/match/view/20boml0nnzxlvqvyy0ylfxdlg,Real Sociedad,Barcelona,2,1,20
18/1/2026,21fk37khnhcggf2uk9kxgl638,https://www.scoresway.com/en_GB/soccer/primera-divisi%C3%B3n-2025-2026/80zg2v1cuqcfhphn56u4qpyqc/match/view/21fk37khnhcggf2uk9kxgl638,Celta,Rayo,3,0,20
18/1/2026,1zkz16jzrxddg9c05edk2znys,https://www.scoresway.com/en_GB/soccer/primera-divisi%C3%B3n-2025-2026/80zg2v1cuqcfhphn56u4qpyqc/match/view/1zkz16jzrxddg9c05edk2znys,Atlético,Alavés,1,0,20
18/1/2026,1yshj5s9yj440ar0xld31xxqs,https://www.scoresway.com/en_GB/soccer/primera-divisi%C3%B3n-2025-2026/80zg2v1cuqcfhphn56u4qpyqc/match/view/1yshj5s9yj440ar0xld31xxqs,Getafe,Valencia,0,1,20
17/1/2026,212c0txlhb4ljff92d2cu5edw,https://www.scoresway.com/en_GB/soccer/primera-divisi%C3%B3n-2025-2026/80zg2v1cuqcfhphn56u4qpyqc/match/view/212c0txlhb4ljff92d2cu5edw,Betis,Villarreal,2,0,20
17/1/2026,1z79bgsg0g4xojqjpoxolh1ck,https://www.scoresway.com/en_GB/soccer/primera-divisi%C3%B3n-2025-2026/80zg2v1cuqcfhphn56u4qpyqc/match/view/1z79bgsg0g4xojqjpoxolh1ck,Osasuna,Oviedo,3,2,20
17/1/2026,1zyd1rcyvotux5kjh936dehp0,https://www.scoresway.com/en_GB/soccer/primera-divisi%C3%B3n-2025-2026/80zg2v1cuqcfhphn56u4qpyqc/match/view/1zyd1rcyvotux5kjh936dehp0,Mallorca,Athletic,3,2,20
17/1/2026,20p4cff79mu4mto9rpw2sdj4k,https://www.scoresway.com/en_GB/soccer/primera-divisi%C3%B3n-2025-2026/80zg2v1cuqcfhphn56u4qpyqc/match/view/20p4cff79mu4mto9rpw2sdj4k,Real Madrid,Levante,2,0,20
16/1/2026,226m1xys6v816jac3sck3d3is,https://www.scoresway.com/en_GB/soccer/primera-divisi%C3%B3n-2025-2026/80zg2v1cuqcfhphn56u4qpyqc/match/view/226m1xys6v816jac3sck3d3is,Espanyol,Girona,0,2,20
12/1/2026,1w0ngrj3bf0ruv81ra4w2muj8,https://www.scoresway.com/en_GB/soccer/primera-divisi%C3%B3n-2025-2026/80zg2v1cuqcfhphn56u4qpyqc/match/view/1w0ngrj3bf0ruv81ra4w2muj8,Sevilla,Celta,0,1,19
11/1/2026,1wrc3h54fm3azopbuu3iq7b4k,https://www.scoresway.com/en_GB/soccer/primera-divisi%C3%B3n-2025-2026/80zg2v1cuqcfhphn56u4qpyqc/match/view/1wrc3h54fm3azopbuu3iq7b4k,Levante,Espanyol,1,1,19
11/1/2026,1x4ja8gant6mmc4sm9odbjcpg,https://www.scoresway.com/en_GB/soccer/primera-divisi%C3%B3n-2025-2026/80zg2v1cuqcfhphn56u4qpyqc/match/view/1x4ja8gant6mmc4sm9odbjcpg,Rayo,Mallorca,2,1,19
10/1/2026,1wdy4ggbun88lgjv5mhlw53pw,https://www.scoresway.com/en_GB/soccer/primera-divisi%C3%B3n-2025-2026/80zg2v1cuqcfhphn56u4qpyqc/match/view/1wdy4ggbun88lgjv5mhlw53pw,Valencia,Elche,1,1,19
10/1/2026,1ydvgoo74zv2bvij485wtc93o,https://www.scoresway.com/en_GB/soccer/primera-divisi%C3%B3n-2025-2026/80zg2v1cuqcfhphn56u4qpyqc/match/view/1ydvgoo74zv2bvij485wtc93o,Girona,Osasuna,1,0,19
10/1/2026,1uwb3z5cnpg9o84qdcr5r2o7o,https://www.scoresway.com/en_GB/soccer/primera-divisi%C3%B3n-2025-2026/80zg2v1cuqcfhphn56u4qpyqc/match/view/1uwb3z5cnpg9o84qdcr5r2o7o,Villarreal,Alavés,3,1,19
10/1/2026,1vn4i7o4gvzy4wej9uoz5qz9w,https://www.scoresway.com/en_GB/soccer/primera-divisi%C3%B3n-2025-2026/80zg2v1cuqcfhphn56u4qpyqc/match/view/1vn4i7o4gvzy4wej9uoz5qz9w,Oviedo,Betis,1,1,19
9/1/2026,1xweeu166hhelv9hh9l8lnpjo,https://www.scoresway.com/en_GB/soccer/primera-divisi%C3%B3n-2025-2026/80zg2v1cuqcfhphn56u4qpyqc/match/view/1xweeu166hhelv9hh9l8lnpjo,Getafe,Real Sociedad,1,2,19
3/12/2025,1ximrnsi0rfciohtjk242p1jo,https://www.scoresway.com/en_GB/soccer/primera-divisi%C3%B3n-2025-2026/80zg2v1cuqcfhphn56u4qpyqc/match/view/1ximrnsi0rfciohtjk242p1jo,Athletic,Real Madrid,0,3,19
2/12/2025,1v9qqviahmnia4ewmzd4aejv8,https://www.scoresway.com/en_GB/soccer/primera-divisi%C3%B3n-2025-2026/80zg2v1cuqcfhphn56u4qpyqc/match/view/1v9qqviahmnia4ewmzd4aejv8,Barcelona,Atlético,3,1,19
4/1/2026,1rhyonqt5a171xvtvluwo5p1w,https://www.scoresway.com/en_GB/soccer/primera-divisi%C3%B3n-2025-2026/80zg2v1cuqcfhphn56u4qpyqc/match/view/1rhyonqt5a171xvtvluwo5p1w,Real Sociedad,Atlético,1,1,18
4/1/2026,1szis91vby48oriy7er25lams,https://www.scoresway.com/en_GB/soccer/primera-divisi%C3%B3n-2025-2026/80zg2v1cuqcfhphn56u4qpyqc/match/view/1szis91vby48oriy7er25lams,Mallorca,Girona,1,2,18
4/1/2026,1ts1vbi2mugv1401ifojdtqtw,https://www.scoresway.com/en_GB/soccer/primera-divisi%C3%B3n-2025-2026/80zg2v1cuqcfhphn56u4qpyqc/match/view/1ts1vbi2mugv1401ifojdtqtw,Alavés,Oviedo,1,1,18
4/1/2026,1s8ry79zt6zhqqa2eoakvm904,https://www.scoresway.com/en_GB/soccer/primera-divisi%C3%B3n-2025-2026/80zg2v1cuqcfhphn56u4qpyqc/match/view/1s8ry79zt6zhqqa2eoakvm904,Real Madrid,Betis,5,1,18
4/1/2026,1tethtdduidjywarrz3qiyx3o,https://www.scoresway.com/en_GB/soccer/primera-divisi%C3%B3n-2025-2026/80zg2v1cuqcfhphn56u4qpyqc/match/view/1tethtdduidjywarrz3qiyx3o,Sevilla,Levante,0,3,18
3/1/2026,1rvgcgz2ftmamcay54gz2qtjo,https://www.scoresway.com/en_GB/soccer/primera-divisi%C3%B3n-2025-2026/80zg2v1cuqcfhphn56u4qpyqc/match/view/1rvgcgz2ftmamcay54gz2qtjo,Espanyol,Barcelona,0,2,18
3/1/2026,1uit2aujexe8xc2izg1a2uyvo,https://www.scoresway.com/en_GB/soccer/primera-divisi%C3%B3n-2025-2026/80zg2v1cuqcfhphn56u4qpyqc/match/view/1uit2aujexe8xc2izg1a2uyvo,Elche,Villarreal,1,3,18
3/1/2026,1r4k8mooxohtqr7vzjm29hul0,https://www.scoresway.com/en_GB/soccer/primera-divisi%C3%B3n-2025-2026/80zg2v1cuqcfhphn56u4qpyqc/match/view/1r4k8mooxohtqr7vzjm29hul0,Osasuna,Athletic,1,1,18
3/1/2026,1u5e5gvy0cadt3stkrffvi8es,https://www.scoresway.com/en_GB/soccer/primera-divisi%C3%B3n-2025-2026/80zg2v1cuqcfhphn56u4qpyqc/match/view/1u5e5gvy0cadt3stkrffvi8es,Celta,Valencia,4,1,18
2/1/2026,1sm9e25y9tbcyvop5fmwgz8k4,https://www.scoresway.com/en_GB/soccer/primera-divisi%C3%B3n-2025-2026/80zg2v1cuqcfhphn56u4qpyqc/match/view/1sm9e25y9tbcyvop5fmwgz8k4,Rayo,Getafe,1,1,18
22/12/2025,1pmmfccm8cfhw6hua3w0gz28k,https://www.scoresway.com/en_GB/soccer/primera-divisi%C3%B3n-2025-2026/80zg2v1cuqcfhphn56u4qpyqc/match/view/1pmmfccm8cfhw6hua3w0gz28k,Athletic,Espanyol,1,2,17
21/12/2025,1q09wu5t41r3rdtsv757pyf4k,https://www.scoresway.com/en_GB/soccer/primera-divisi%C3%B3n-2025-2026/80zg2v1cuqcfhphn56u4qpyqc/match/view/1q09wu5t41r3rdtsv757pyf4k,Betis,Getafe,4,0,17
21/12/2025,1qdreckuiubqc7yotymp8jggk,https://www.scoresway.com/en_GB/soccer/primera-divisi%C3%B3n-2025-2026/80zg2v1cuqcfhphn56u4qpyqc/match/view/1qdreckuiubqc7yotymp8jggk,Elche,Rayo,4,0,17
21/12/2025,1oi5jmg0ldrmljyz46todfbpw,https://www.scoresway.com/en_GB/soccer/primera-divisi%C3%B3n-2025-2026/80zg2v1cuqcfhphn56u4qpyqc/match/view/1oi5jmg0ldrmljyz46todfbpw,Villarreal,Barcelona,0,2,17
21/12/2025,1o35rsofsxiepozlbmke0wduc,https://www.scoresway.com/en_GB/soccer/primera-divisi%C3%B3n-2025-2026/80zg2v1cuqcfhphn56u4qpyqc/match/view/1o35rsofsxiepozlbmke0wduc,Girona,Atlético,0,3,17
20/12/2025,1nc8632r4hii9bl1ygnappkpg,https://www.scoresway.com/en_GB/soccer/primera-divisi%C3%B3n-2025-2026/80zg2v1cuqcfhphn56u4qpyqc/match/view/1nc8632r4hii9bl1ygnappkpg,Real Madrid,Sevilla,2,0,17
20/12/2025,1nppp2u47kuc6os6g0e21xp1w,https://www.scoresway.com/en_GB/soccer/primera-divisi%C3%B3n-2025-2026/80zg2v1cuqcfhphn56u4qpyqc/match/view/1nppp2u47kuc6os6g0e21xp1w,Osasuna,Alavés,3,0,17
20/12/2025,1qr5wncwgktkt7jksvs6m3n6c,https://www.scoresway.com/en_GB/soccer/primera-divisi%C3%B3n-2025-2026/80zg2v1cuqcfhphn56u4qpyqc/match/view/1qr5wncwgktkt7jksvs6m3n6c,Levante,Real Sociedad,1,1,17
20/12/2025,1ovhxl8n5vxmkrovkcg8q8ufo,https://www.scoresway.com/en_GB/soccer/primera-divisi%C3%B3n-2025-2026/80zg2v1cuqcfhphn56u4qpyqc/match/view/1ovhxl8n5vxmkrovkcg8q8ufo,Oviedo,Celta,0,0,17
19/12/2025,1p93rklxg8b0b4dymsqjlcbh0,https://www.scoresway.com/en_GB/soccer/primera-divisi%C3%B3n-2025-2026/80zg2v1cuqcfhphn56u4qpyqc/match/view/1p93rklxg8b0b4dymsqjlcbh0,Valencia,Mallorca,1,1,17
18/2/2026,1jlhapyjldhvatexkb19ja6fo,https://www.scoresway.com/en_GB/soccer/primera-divisi%C3%B3n-2025-2026/80zg2v1cuqcfhphn56u4qpyqc/match/view/1jlhapyjldhvatexkb19ja6fo,Levante,Villarreal,0,1,16
15/12/2025,1kcl2n7fay0ptltdwj2k47tp0,https://www.scoresway.com/en_GB/soccer/primera-divisi%C3%B3n-2025-2026/80zg2v1cuqcfhphn56u4qpyqc/match/view/1kcl2n7fay0ptltdwj2k47tp0,Rayo,Betis,0,0,16
14/12/2025,1m7vig0k2tt5q9apse7108pas,https://www.scoresway.com/en_GB/soccer/primera-divisi%C3%B3n-2025-2026/80zg2v1cuqcfhphn56u4qpyqc/match/view/1m7vig0k2tt5q9apse7108pas,Alavés,Real Madrid,1,2,16
14/12/2025,1jz2ik6i4oz41zqr2od8yiwb8,https://www.scoresway.com/en_GB/soccer/primera-divisi%C3%B3n-2025-2026/80zg2v1cuqcfhphn56u4qpyqc/match/view/1jz2ik6i4oz41zqr2od8yiwb8,Celta,Athletic,2,0,16
14/12/2025,1lud5oppwm3ngiyzarvb1zoyc,https://www.scoresway.com/en_GB/soccer/primera-divisi%C3%B3n-2025-2026/80zg2v1cuqcfhphn56u4qpyqc/match/view/1lud5oppwm3ngiyzarvb1zoyc,Sevilla,Oviedo,4,0,16
13/12/2025,1l3ezfcz5pfa7eixz6hnfmj9w,https://www.scoresway.com/en_GB/soccer/primera-divisi%C3%B3n-2025-2026/80zg2v1cuqcfhphn56u4qpyqc/match/view/1l3ezfcz5pfa7eixz6hnfmj9w,Getafe,Espanyol,0,1,16
13/12/2025,1myp00g7w796yt6ts8ojdkys4,https://www.scoresway.com/en_GB/soccer/primera-divisi%C3%B3n-2025-2026/80zg2v1cuqcfhphn56u4qpyqc/match/view/1myp00g7w796yt6ts8ojdkys4,Barcelona,Osasuna,2,0,16
13/12/2025,1kpzn7hqfuvbxrrrsh2c6mdxw,https://www.scoresway.com/en_GB/soccer/primera-divisi%C3%B3n-2025-2026/80zg2v1cuqcfhphn56u4qpyqc/match/view/1kpzn7hqfuvbxrrrsh2c6mdxw,Mallorca,Elche,3,1,16
13/12/2025,1mlai6ycmblrejdaxysomfw2c,https://www.scoresway.com/en_GB/soccer/primera-divisi%C3%B3n-2025-2026/80zg2v1cuqcfhphn56u4qpyqc/match/view/1mlai6ycmblrejdaxysomfw2c,Atlético,Valencia,2,1,16
12/12/2025,1lgsuqoyjxec8b0tdfgdpl15g,https://www.scoresway.com/en_GB/soccer/primera-divisi%C3%B3n-2025-2026/80zg2v1cuqcfhphn56u4qpyqc/match/view/1lgsuqoyjxec8b0tdfgdpl15g,Real Sociedad,Girona,1,2,16
8/12/2025,1hp0gvnq8tu7bswk405xa49as,https://www.scoresway.com/en_GB/soccer/primera-divisi%C3%B3n-2025-2026/80zg2v1cuqcfhphn56u4qpyqc/match/view/1hp0gvnq8tu7bswk405xa49as,Osasuna,Levante,2,0,15
7/12/2025,1gy4rm1nw9jppuagj17r91l3o,https://www.scoresway.com/en_GB/soccer/primera-divisi%C3%B3n-2025-2026/80zg2v1cuqcfhphn56u4qpyqc/match/view/1gy4rm1nw9jppuagj17r91l3o,Real Madrid,Celta,0,2,15
7/12/2025,1g7ev92a4xzvmnte18e1h7thw,https://www.scoresway.com/en_GB/soccer/primera-divisi%C3%B3n-2025-2026/80zg2v1cuqcfhphn56u4qpyqc/match/view/1g7ev92a4xzvmnte18e1h7thw,Espanyol,Rayo,1,0,15
7/12/2025,1ifuis5x6296qke087rpwo5jo,https://www.scoresway.com/en_GB/soccer/primera-divisi%C3%B3n-2025-2026/80zg2v1cuqcfhphn56u4qpyqc/match/view/1ifuis5x6296qke087rpwo5jo,Valencia,Sevilla,1,1,15
7/12/2025,1fu4ltpxdb9j94v6s2kbx1puc,https://www.scoresway.com/en_GB/soccer/primera-divisi%C3%B3n-2025-2026/80zg2v1cuqcfhphn56u4qpyqc/match/view/1fu4ltpxdb9j94v6s2kbx1puc,Elche,Girona,3,0,15
6/12/2025,1j6l9nsawkrpvmlpb5fprga38,https://www.scoresway.com/en_GB/soccer/primera-divisi%C3%B3n-2025-2026/80zg2v1cuqcfhphn56u4qpyqc/match/view/1j6l9nsawkrpvmlpb5fprga38,Athletic,Atlético,1,0,15
6/12/2025,1gkqfp2d7qi9h6k34k3mo8zkk,https://www.scoresway.com/en_GB/soccer/primera-divisi%C3%B3n-2025-2026/80zg2v1cuqcfhphn56u4qpyqc/match/view/1gkqfp2d7qi9h6k34k3mo8zkk,Betis,Barcelona,3,5,15
6/12/2025,1it612xdkwgzafk6n7xtzy8es,https://www.scoresway.com/en_GB/soccer/primera-divisi%C3%B3n-2025-2026/80zg2v1cuqcfhphn56u4qpyqc/match/view/1it612xdkwgzafk6n7xtzy8es,Alavés,Real Sociedad,1,0,15
6/12/2025,1hbkc2pl94wmoej46f3izy4gk,https://www.scoresway.com/en_GB/soccer/primera-divisi%C3%B3n-2025-2026/80zg2v1cuqcfhphn56u4qpyqc/match/view/1hbkc2pl94wmoej46f3izy4gk,Villarreal,Getafe,2,0,15
5/12/2025,1i2f9ycdq0mof2nmr7jievlsk,https://www.scoresway.com/en_GB/soccer/primera-divisi%C3%B3n-2025-2026/80zg2v1cuqcfhphn56u4qpyqc/match/view/1i2f9ycdq0mof2nmr7jievlsk,Oviedo,Mallorca,0,0,15
1/12/2025,1ctejm87t066zop4ert2zb4es,https://www.scoresway.com/en_GB/soccer/primera-divisi%C3%B3n-2025-2026/80zg2v1cuqcfhphn56u4qpyqc/match/view/1ctejm87t066zop4ert2zb4es,Rayo,Valencia,1,1,14
30/11/2025,1c2s2pxxqc6pp652crmn64etw,https://www.scoresway.com/en_GB/soccer/primera-divisi%C3%B3n-2025-2026/80zg2v1cuqcfhphn56u4qpyqc/match/view/1c2s2pxxqc6pp652crmn64etw,Girona,Real Madrid,1,1,14
30/11/2025,1fgucgxqx7rp34edgxippj6s4,https://www.scoresway.com/en_GB/soccer/primera-divisi%C3%B3n-2025-2026/80zg2v1cuqcfhphn56u4qpyqc/match/view/1fgucgxqx7rp34edgxippj6s4,Celta,Espanyol,0,1,14
30/11/2025,1eaz7mdny12eiuyeysnycnw2c,https://www.scoresway.com/en_GB/soccer/primera-divisi%C3%B3n-2025-2026/80zg2v1cuqcfhphn56u4qpyqc/match/view/1eaz7mdny12eiuyeysnycnw2c,Sevilla,Betis,0,2,14
30/11/2025,1d6oxum3q5ydyzsf48df1qas4,https://www.scoresway.com/en_GB/soccer/primera-divisi%C3%B3n-2025-2026/80zg2v1cuqcfhphn56u4qpyqc/match/view/1d6oxum3q5ydyzsf48df1qas4,Real Sociedad,Villarreal,2,3,14
29/11/2025,1f3hreqlw5s8sg03041v1ecyc,https://www.scoresway.com/en_GB/soccer/primera-divisi%C3%B3n-2025-2026/80zg2v1cuqcfhphn56u4qpyqc/match/view/1f3hreqlw5s8sg03041v1ecyc,Atlético,Oviedo,2,0,14
29/11/2025,1dxl0z31i0438ti5nrd22dl3o,https://www.scoresway.com/en_GB/soccer/primera-divisi%C3%B3n-2025-2026/80zg2v1cuqcfhphn56u4qpyqc/match/view/1dxl0z31i0438ti5nrd22dl3o,Levante,Athletic,0,2,14
29/11/2025,1dk2hnl09qux7z4fqn1qxq238,https://www.scoresway.com/en_GB/soccer/primera-divisi%C3%B3n-2025-2026/80zg2v1cuqcfhphn56u4qpyqc/match/view/1dk2hnl09qux7z4fqn1qxq238,Barcelona,Alavés,3,1,14
29/11/2025,1cg5aiu7phyw89gyr0m9hme50,https://www.scoresway.com/en_GB/soccer/primera-divisi%C3%B3n-2025-2026/80zg2v1cuqcfhphn56u4qpyqc/match/view/1cg5aiu7phyw89gyr0m9hme50,Mallorca,Osasuna,2,2,14
28/11/2025,1eq00zu9dngz36evkyw20uw44,https://www.scoresway.com/en_GB/soccer/primera-divisi%C3%B3n-2025-2026/80zg2v1cuqcfhphn56u4qpyqc/match/view/1eq00zu9dngz36evkyw20uw44,Getafe,Elche,1,0,14
24/11/2025,191yv3mlrk964ybeg2ilya9sk,https://www.scoresway.com/en_GB/soccer/primera-divisi%C3%B3n-2025-2026/80zg2v1cuqcfhphn56u4qpyqc/match/view/191yv3mlrk964ybeg2ilya9sk,Espanyol,Sevilla,2,1,13
23/11/2025,18ojlro5jtdeu8nv72repur6c,https://www.scoresway.com/en_GB/soccer/primera-divisi%C3%B3n-2025-2026/80zg2v1cuqcfhphn56u4qpyqc/match/view/18ojlro5jtdeu8nv72repur6c,Elche,Real Madrid,2,2,13
23/11/2025,1al4jq2l4mkefxzf7iqmiledw,https://www.scoresway.com/en_GB/soccer/primera-divisi%C3%B3n-2025-2026/80zg2v1cuqcfhphn56u4qpyqc/match/view/1al4jq2l4mkefxzf7iqmiledw,Getafe,Atlético,0,1,13
23/11/2025,18b3vyjp3y356x49ce7z1qdxw,https://www.scoresway.com/en_GB/soccer/primera-divisi%C3%B3n-2025-2026/80zg2v1cuqcfhphn56u4qpyqc/match/view/18b3vyjp3y356x49ce7z1qdxw,Betis,Girona,1,1,13
23/11/2025,19ubgm1lxlw64hrajkv1cc5ck,https://www.scoresway.com/en_GB/soccer/primera-divisi%C3%B3n-2025-2026/80zg2v1cuqcfhphn56u4qpyqc/match/view/19ubgm1lxlw64hrajkv1cc5ck,Oviedo,Rayo,0,0,13
22/11/2025,1bbwtdnimi7tbl6aatezlnwno,https://www.scoresway.com/en_GB/soccer/primera-divisi%C3%B3n-2025-2026/80zg2v1cuqcfhphn56u4qpyqc/match/view/1bbwtdnimi7tbl6aatezlnwno,Villarreal,Mallorca,2,1,13
22/11/2025,19fc4xa7cho23jve43ojie39w,https://www.scoresway.com/en_GB/soccer/primera-divisi%C3%B3n-2025-2026/80zg2v1cuqcfhphn56u4qpyqc/match/view/19fc4xa7cho23jve43ojie39w,Osasuna,Real Sociedad,1,3,13
22/11/2025,1a7radhhole7vfnciarzauq6s,https://www.scoresway.com/en_GB/soccer/primera-divisi%C3%B3n-2025-2026/80zg2v1cuqcfhphn56u4qpyqc/match/view/1a7radhhole7vfnciarzauq6s,Barcelona,Athletic,4,0,13
22/11/2025,1bpdzkqykdmb75z4uarby311w,https://www.scoresway.com/en_GB/soccer/primera-divisi%C3%B3n-2025-2026/80zg2v1cuqcfhphn56u4qpyqc/match/view/1bpdzkqykdmb75z4uarby311w,Alavés,Celta,0,1,13
21/11/2025,1ayj7qyruvkyprfzr6plov4t0,https://www.scoresway.com/en_GB/soccer/primera-divisi%C3%B3n-2025-2026/80zg2v1cuqcfhphn56u4qpyqc/match/view/1ayj7qyruvkyprfzr6plov4t0,Valencia,Levante,1,0,13
9/11/2025,16t0fdut4ky4b4es7i0trovtg,https://www.scoresway.com/en_GB/soccer/primera-divisi%C3%B3n-2025-2026/80zg2v1cuqcfhphn56u4qpyqc/match/view/16t0fdut4ky4b4es7i0trovtg,Celta,Barcelona,2,4,12
9/11/2025,176p8ms7mmtnsyiwqb87aavx0,https://www.scoresway.com/en_GB/soccer/primera-divisi%C3%B3n-2025-2026/80zg2v1cuqcfhphn56u4qpyqc/match/view/176p8ms7mmtnsyiwqb87aavx0,Valencia,Betis,1,1,12
9/11/2025,17kbnro1phdt3xdaadluy52j8,https://www.scoresway.com/en_GB/soccer/primera-divisi%C3%B3n-2025-2026/80zg2v1cuqcfhphn56u4qpyqc/match/view/17kbnro1phdt3xdaadluy52j8,Mallorca,Getafe,1,0,12
9/11/2025,16234pc0mx6bpyeqhj4i81p90,https://www.scoresway.com/en_GB/soccer/primera-divisi%C3%B3n-2025-2026/80zg2v1cuqcfhphn56u4qpyqc/match/view/16234pc0mx6bpyeqhj4i81p90,Rayo,Real Madrid,0,0,12
9/11/2025,14ia91hr21lnjto1f2uga5f6c,https://www.scoresway.com/en_GB/soccer/primera-divisi%C3%B3n-2025-2026/80zg2v1cuqcfhphn56u4qpyqc/match/view/14ia91hr21lnjto1f2uga5f6c,Athletic,Oviedo,1,0,12
8/11/2025,15ojns8pjndvlncxp05js2cyc,https://www.scoresway.com/en_GB/soccer/primera-divisi%C3%B3n-2025-2026/80zg2v1cuqcfhphn56u4qpyqc/match/view/15ojns8pjndvlncxp05js2cyc,Espanyol,Villarreal,0,2,12
8/11/2025,14xa2ysiarbslbwcla4hhzqj8,https://www.scoresway.com/en_GB/soccer/primera-divisi%C3%B3n-2025-2026/80zg2v1cuqcfhphn56u4qpyqc/match/view/14xa2ysiarbslbwcla4hhzqj8,Atlético,Levante,3,1,12
8/11/2025,17xoblao6gdkidisaddnrpa1g,https://www.scoresway.com/en_GB/soccer/primera-divisi%C3%B3n-2025-2026/80zg2v1cuqcfhphn56u4qpyqc/match/view/17xoblao6gdkidisaddnrpa1g,Sevilla,Osasuna,1,0,12
8/11/2025,16fj9cb2vp81vtnlvqdcoou1g,https://www.scoresway.com/en_GB/soccer/primera-divisi%C3%B3n-2025-2026/80zg2v1cuqcfhphn56u4qpyqc/match/view/16fj9cb2vp81vtnlvqdcoou1g,Girona,Alavés,1,0,12
7/11/2025,15au35re7u5b9ru4hoko7f3f8,https://www.scoresway.com/en_GB/soccer/primera-divisi%C3%B3n-2025-2026/80zg2v1cuqcfhphn56u4qpyqc/match/view/15au35re7u5b9ru4hoko7f3f8,Elche,Real Sociedad,1,1,12
3/11/2025,13d50vdn5ecuddcpg1cvdrq50,https://www.scoresway.com/en_GB/soccer/primera-divisi%C3%B3n-2025-2026/80zg2v1cuqcfhphn56u4qpyqc/match/view/13d50vdn5ecuddcpg1cvdrq50,Oviedo,Osasuna,0,0,11
2/11/2025,11hplskmrac4dwfmqv72f9nh0,https://www.scoresway.com/en_GB/soccer/primera-divisi%C3%B3n-2025-2026/80zg2v1cuqcfhphn56u4qpyqc/match/view/11hplskmrac4dwfmqv72f9nh0,Betis,Mallorca,3,0,11
2/11/2025,113wccwt50kebz0thqf0fxkpg,https://www.scoresway.com/en_GB/soccer/primera-divisi%C3%B3n-2025-2026/80zg2v1cuqcfhphn56u4qpyqc/match/view/113wccwt50kebz0thqf0fxkpg,Barcelona,Elche,3,1,11
2/11/2025,144g7b7ez101gt3yczm0yblzo,https://www.scoresway.com/en_GB/soccer/primera-divisi%C3%B3n-2025-2026/80zg2v1cuqcfhphn56u4qpyqc/match/view/144g7b7ez101gt3yczm0yblzo,Alavés,Espanyol,2,1,11
2/11/2025,12zi2fz6nuyhye00alaymbms4,https://www.scoresway.com/en_GB/soccer/primera-divisi%C3%B3n-2025-2026/80zg2v1cuqcfhphn56u4qpyqc/match/view/12zi2fz6nuyhye00alaymbms4,Levante,Celta,1,2,11
1/11/2025,1288ajju0cadnuxxhvkal1mok,https://www.scoresway.com/en_GB/soccer/primera-divisi%C3%B3n-2025-2026/80zg2v1cuqcfhphn56u4qpyqc/match/view/1288ajju0cadnuxxhvkal1mok,Real Madrid,Valencia,4,0,11
1/11/2025,12lophscpllg367yx7yn0mpec,https://www.scoresway.com/en_GB/soccer/primera-divisi%C3%B3n-2025-2026/80zg2v1cuqcfhphn56u4qpyqc/match/view/12lophscpllg367yx7yn0mpec,Real Sociedad,Athletic,3,2,11
1/11/2025,10qg7chtpoj0knqnvx2oduot0,https://www.scoresway.com/en_GB/soccer/primera-divisi%C3%B3n-2025-2026/80zg2v1cuqcfhphn56u4qpyqc/match/view/10qg7chtpoj0knqnvx2oduot0,Atlético,Sevilla,3,0,11
1/11/2025,13qwzalezgy8gxih0ube0ap78,https://www.scoresway.com/en_GB/soccer/primera-divisi%C3%B3n-2025-2026/80zg2v1cuqcfhphn56u4qpyqc/match/view/13qwzalezgy8gxih0ube0ap78,Villarreal,Rayo,4,0,11
31/10/2025,11uxeay5z2isuekqd9fq0usyc,https://www.scoresway.com/en_GB/soccer/primera-divisi%C3%B3n-2025-2026/80zg2v1cuqcfhphn56u4qpyqc/match/view/11uxeay5z2isuekqd9fq0usyc,Getafe,Girona,2,1,11
27/10/2025,ygjm4bbtl6jbrz9gsd661vys,https://www.scoresway.com/en_GB/soccer/primera-divisi%C3%B3n-2025-2026/80zg2v1cuqcfhphn56u4qpyqc/match/view/ygjm4bbtl6jbrz9gsd661vys,Betis,Atlético,0,2,10
26/10/2025,y38fh1awgi9yuxppo1n61ous,https://www.scoresway.com/en_GB/soccer/primera-divisi%C3%B3n-2025-2026/80zg2v1cuqcfhphn56u4qpyqc/match/view/y38fh1awgi9yuxppo1n61ous,Rayo,Alavés,1,0,10
26/10/2025,z7hbnyt9xc1j8x9pacy6jmdw,https://www.scoresway.com/en_GB/soccer/primera-divisi%C3%B3n-2025-2026/80zg2v1cuqcfhphn56u4qpyqc/match/view/z7hbnyt9xc1j8x9pacy6jmdw,Osasuna,Celta,2,3,10
26/10/2025,ytxz0i1eppxxqupm27ktuln8,https://www.scoresway.com/en_GB/soccer/primera-divisi%C3%B3n-2025-2026/80zg2v1cuqcfhphn56u4qpyqc/match/view/ytxz0i1eppxxqupm27ktuln8,Real Madrid,Barcelona,2,1,10
26/10/2025,zzqopgn9iz38xxwmgsl6ccus,https://www.scoresway.com/en_GB/soccer/primera-divisi%C3%B3n-2025-2026/80zg2v1cuqcfhphn56u4qpyqc/match/view/zzqopgn9iz38xxwmgsl6ccus,Mallorca,Levante,1,1,10
25/10/2025,xpp766lmrig4xeolfmmtehp0,https://www.scoresway.com/en_GB/soccer/primera-divisi%C3%B3n-2025-2026/80zg2v1cuqcfhphn56u4qpyqc/match/view/xpp766lmrig4xeolfmmtehp0,Valencia,Villarreal,0,2,10
25/10/2025,10d1132abu0fa9xolj05top3o,https://www.scoresway.com/en_GB/soccer/primera-divisi%C3%B3n-2025-2026/80zg2v1cuqcfhphn56u4qpyqc/match/view/10d1132abu0fa9xolj05top3o,Athletic,Getafe,0,1,10
25/10/2025,zkqu9lm76sa6ypjcluvnr578,https://www.scoresway.com/en_GB/soccer/primera-divisi%C3%B3n-2025-2026/80zg2v1cuqcfhphn56u4qpyqc/match/view/zkqu9lm76sa6ypjcluvnr578,Espanyol,Elche,1,0,10
25/10/2025,wyrlnmec1exr7tyktusq0i6s,https://www.scoresway.com/en_GB/soccer/primera-divisi%C3%B3n-2025-2026/80zg2v1cuqcfhphn56u4qpyqc/match/view/wyrlnmec1exr7tyktusq0i6s,Girona,Oviedo,3,3,10
24/10/2025,xcapf185ght9jj3jcgj4v0us,https://www.scoresway.com/en_GB/soccer/primera-divisi%C3%B3n-2025-2026/80zg2v1cuqcfhphn56u4qpyqc/match/view/xcapf185ght9jj3jcgj4v0us,Real Sociedad,Sevilla,2,1,10
20/10/2025,t6q5ftwcnm8os0cb3stk1kic,https://www.scoresway.com/en_GB/soccer/primera-divisi%C3%B3n-2025-2026/80zg2v1cuqcfhphn56u4qpyqc/match/view/t6q5ftwcnm8os0cb3stk1kic,Alavés,Valencia,0,0,9
19/10/2025,uoe12e3coa1i9fov19pdukus,https://www.scoresway.com/en_GB/soccer/primera-divisi%C3%B3n-2025-2026/80zg2v1cuqcfhphn56u4qpyqc/match/view/uoe12e3coa1i9fov19pdukus,Getafe,Real Madrid,0,1,9
19/10/2025,v3lhpsc6pb8pl9l3mu0evqj8,https://www.scoresway.com/en_GB/soccer/primera-divisi%C3%B3n-2025-2026/80zg2v1cuqcfhphn56u4qpyqc/match/view/v3lhpsc6pb8pl9l3mu0evqj8,Levante,Rayo,0,3,9
19/10/2025,ub49wftchgk7szozxswbslck,https://www.scoresway.com/en_GB/soccer/primera-divisi%C3%B3n-2025-2026/80zg2v1cuqcfhphn56u4qpyqc/match/view/ub49wftchgk7szozxswbslck,Celta,Real Sociedad,1,1,9
19/10/2025,vgz6kc0y9dz9ecnnqulzb578,https://www.scoresway.com/en_GB/soccer/primera-divisi%C3%B3n-2025-2026/80zg2v1cuqcfhphn56u4qpyqc/match/view/vgz6kc0y9dz9ecnnqulzb578,Elche,Athletic,0,0,9
18/10/2025,tk5mkd96dh3cu38pb2k286qc,https://www.scoresway.com/en_GB/soccer/primera-divisi%C3%B3n-2025-2026/80zg2v1cuqcfhphn56u4qpyqc/match/view/tk5mkd96dh3cu38pb2k286qc,Atlético,Osasuna,1,0,9
18/10/2025,vue1zih02z58m1ihnz9pod90,https://www.scoresway.com/en_GB/soccer/primera-divisi%C3%B3n-2025-2026/80zg2v1cuqcfhphn56u4qpyqc/match/view/vue1zih02z58m1ihnz9pod90,Villarreal,Betis,2,2,9
18/10/2025,txn45zihl3cp2bv3lj5rmot0,https://www.scoresway.com/en_GB/soccer/primera-divisi%C3%B3n-2025-2026/80zg2v1cuqcfhphn56u4qpyqc/match/view/txn45zihl3cp2bv3lj5rmot0,Barcelona,Girona,2,1,9
18/10/2025,wlegmdabr8ruispvl8gtzv9w,https://www.scoresway.com/en_GB/soccer/primera-divisi%C3%B3n-2025-2026/80zg2v1cuqcfhphn56u4qpyqc/match/view/wlegmdabr8ruispvl8gtzv9w,Sevilla,Mallorca,1,3,9
17/10/2025,w7ym83i7x7vql3mkid0zn3tg,https://www.scoresway.com/en_GB/soccer/primera-divisi%C3%B3n-2025-2026/80zg2v1cuqcfhphn56u4qpyqc/match/view/w7ym83i7x7vql3mkid0zn3tg,Oviedo,Espanyol,0,2,9
5/10/2025,qys0flp8cpyb6p1fsjh7d1xw,https://www.scoresway.com/en_GB/soccer/primera-divisi%C3%B3n-2025-2026/80zg2v1cuqcfhphn56u4qpyqc/match/view/qys0flp8cpyb6p1fsjh7d1xw,Celta,Atlético,1,1,8
5/10/2025,stfu1ncpwokjdp38odv9rb4k,https://www.scoresway.com/en_GB/soccer/primera-divisi%C3%B3n-2025-2026/80zg2v1cuqcfhphn56u4qpyqc/match/view/stfu1ncpwokjdp38odv9rb4k,Real Sociedad,Rayo,0,1,8
5/10/2025,rp9h3yrxylg9bwywpccje8lw,https://www.scoresway.com/en_GB/soccer/primera-divisi%C3%B3n-2025-2026/80zg2v1cuqcfhphn56u4qpyqc/match/view/rp9h3yrxylg9bwywpccje8lw,Espanyol,Betis,1,2,8
5/10/2025,rbyhgw1kyp0ghg2qpvznvvv8,https://www.scoresway.com/en_GB/soccer/primera-divisi%C3%B3n-2025-2026/80zg2v1cuqcfhphn56u4qpyqc/match/view/rbyhgw1kyp0ghg2qpvznvvv8,Sevilla,Barcelona,4,1,8
5/10/2025,pftv5ujrolgrr85ijlnj728k,https://www.scoresway.com/en_GB/soccer/primera-divisi%C3%B3n-2025-2026/80zg2v1cuqcfhphn56u4qpyqc/match/view/pftv5ujrolgrr85ijlnj728k,Alavés,Elche,3,1,8
4/10/2025,qll7e8qbbmjfzxvwpi96cg0k,https://www.scoresway.com/en_GB/soccer/primera-divisi%C3%B3n-2025-2026/80zg2v1cuqcfhphn56u4qpyqc/match/view/qll7e8qbbmjfzxvwpi96cg0k,Real Madrid,Villarreal,3,1,8
4/10/2025,pt81qdbd7pkbnnkpq246rtw4,https://www.scoresway.com/en_GB/soccer/primera-divisi%C3%B3n-2025-2026/80zg2v1cuqcfhphn56u4qpyqc/match/view/pt81qdbd7pkbnnkpq246rtw4,Athletic,Mallorca,2,1,8
4/10/2025,q89ix5d2x25rptwlhkq27j10,https://www.scoresway.com/en_GB/soccer/primera-divisi%C3%B3n-2025-2026/80zg2v1cuqcfhphn56u4qpyqc/match/view/q89ix5d2x25rptwlhkq27j10,Girona,Valencia,2,1,8
4/10/2025,sg2ifrolnrbubiys9n9n8844,https://www.scoresway.com/en_GB/soccer/primera-divisi%C3%B3n-2025-2026/80zg2v1cuqcfhphn56u4qpyqc/match/view/sg2ifrolnrbubiys9n9n8844,Oviedo,Levante,0,2,8
3/10/2025,s2odkp4oybdaqou9lx1fd6ok,https://www.scoresway.com/en_GB/soccer/primera-divisi%C3%B3n-2025-2026/80zg2v1cuqcfhphn56u4qpyqc/match/view/s2odkp4oybdaqou9lx1fd6ok,Osasuna,Getafe,2,1,8
30/9/2025,lqdgf26mjssi4yz9o00xco44,https://www.scoresway.com/en_GB/soccer/primera-divisi%C3%B3n-2025-2026/80zg2v1cuqcfhphn56u4qpyqc/match/view/lqdgf26mjssi4yz9o00xco44,Valencia,Oviedo,1,2,7
28/9/2025,mulhl7s94em1faqw5y2499uc,https://www.scoresway.com/en_GB/soccer/primera-divisi%C3%B3n-2025-2026/80zg2v1cuqcfhphn56u4qpyqc/match/view/mulhl7s94em1faqw5y2499uc,Betis,Osasuna,2,0,7
28/9/2025,mh9g8wbjyoe3ub3ouu0nnsb8,https://www.scoresway.com/en_GB/soccer/primera-divisi%C3%B3n-2025-2026/80zg2v1cuqcfhphn56u4qpyqc/match/view/mh9g8wbjyoe3ub3ouu0nnsb8,Barcelona,Real Sociedad,2,1,7
28/9/2025,opadvx9ieaoaai2n08r4sqok,https://www.scoresway.com/en_GB/soccer/primera-divisi%C3%B3n-2025-2026/80zg2v1cuqcfhphn56u4qpyqc/match/view/opadvx9ieaoaai2n08r4sqok,Elche,Celta,2,1,7
28/9/2025,nl5iakd17ewjayh3ah21iolw,https://www.scoresway.com/en_GB/soccer/primera-divisi%C3%B3n-2025-2026/80zg2v1cuqcfhphn56u4qpyqc/match/view/nl5iakd17ewjayh3ah21iolw,Rayo,Sevilla,0,1,7
27/9/2025,obyek5fw1lg9l72jn8omr4lw,https://www.scoresway.com/en_GB/soccer/primera-divisi%C3%B3n-2025-2026/80zg2v1cuqcfhphn56u4qpyqc/match/view/obyek5fw1lg9l72jn8omr4lw,Villarreal,Athletic,1,0,7
27/9/2025,nyhzbo7wncd07zhc7pysjris,https://www.scoresway.com/en_GB/soccer/primera-divisi%C3%B3n-2025-2026/80zg2v1cuqcfhphn56u4qpyqc/match/view/nyhzbo7wncd07zhc7pysjris,Mallorca,Alavés,1,0,7
27/9/2025,m3rr5kwhsu6s770ey69xad5g,https://www.scoresway.com/en_GB/soccer/primera-divisi%C3%B3n-2025-2026/80zg2v1cuqcfhphn56u4qpyqc/match/view/m3rr5kwhsu6s770ey69xad5g,Atlético,Real Madrid,5,2,7
27/9/2025,n7tx1yzdm3jcvtma21rf6al0,https://www.scoresway.com/en_GB/soccer/primera-divisi%C3%B3n-2025-2026/80zg2v1cuqcfhphn56u4qpyqc/match/view/n7tx1yzdm3jcvtma21rf6al0,Getafe,Levante,1,1,7
26/9/2025,p2nr5z25p9svx0ssxbjiprmc,https://www.scoresway.com/en_GB/soccer/primera-divisi%C3%B3n-2025-2026/80zg2v1cuqcfhphn56u4qpyqc/match/view/p2nr5z25p9svx0ssxbjiprmc,Girona,Espanyol,0,0,7
25/9/2025,kkl8x55qltpl4g1v5260df6c,https://www.scoresway.com/en_GB/soccer/primera-divisi%C3%B3n-2025-2026/80zg2v1cuqcfhphn56u4qpyqc/match/view/kkl8x55qltpl4g1v5260df6c,Oviedo,Barcelona,1,3,6
25/9/2025,lcqefumn96v640d0yzsv7xuc,https://www.scoresway.com/en_GB/soccer/primera-divisi%C3%B3n-2025-2026/80zg2v1cuqcfhphn56u4qpyqc/match/view/lcqefumn96v640d0yzsv7xuc,Osasuna,Elche,1,1,6
24/9/2025,hxr2ojynmpps6ni1gbdsa1hw,https://www.scoresway.com/en_GB/soccer/primera-divisi%C3%B3n-2025-2026/80zg2v1cuqcfhphn56u4qpyqc/match/view/hxr2ojynmpps6ni1gbdsa1hw,Real Sociedad,Mallorca,1,0,6
24/9/2025,ioo3djrnoe5kcc2n7mypzbis,https://www.scoresway.com/en_GB/soccer/primera-divisi%C3%B3n-2025-2026/80zg2v1cuqcfhphn56u4qpyqc/match/view/ioo3djrnoe5kcc2n7mypzbis,Atlético,Rayo,3,2,6
24/9/2025,k7c27bcujfnarux79y4ike1g,https://www.scoresway.com/en_GB/soccer/primera-divisi%C3%B3n-2025-2026/80zg2v1cuqcfhphn56u4qpyqc/match/view/k7c27bcujfnarux79y4ike1g,Getafe,Alavés,1,1,6
23/9/2025,jtywnxc2k08euwiq1ssvws9g,https://www.scoresway.com/en_GB/soccer/primera-divisi%C3%B3n-2025-2026/80zg2v1cuqcfhphn56u4qpyqc/match/view/jtywnxc2k08euwiq1ssvws9g,Sevilla,Villarreal,1,2,6
23/9/2025,jfjnqx2yal5t4pcccve1zg9g,https://www.scoresway.com/en_GB/soccer/primera-divisi%C3%B3n-2025-2026/80zg2v1cuqcfhphn56u4qpyqc/match/view/jfjnqx2yal5t4pcccve1zg9g,Levante,Real Madrid,1,4,6
23/9/2025,j23bvmu4uuofecr7aaeurtw4,https://www.scoresway.com/en_GB/soccer/primera-divisi%C3%B3n-2025-2026/80zg2v1cuqcfhphn56u4qpyqc/match/view/j23bvmu4uuofecr7aaeurtw4,Espanyol,Valencia,2,2,6
23/9/2025,ib901b3xp60cmvf9jmlupqtw,https://www.scoresway.com/en_GB/soccer/primera-divisi%C3%B3n-2025-2026/80zg2v1cuqcfhphn56u4qpyqc/match/view/ib901b3xp60cmvf9jmlupqtw,Athletic,Girona,1,1,6
27/8/2025,kxz64yu7ddap0d1agwdxugwk,https://www.scoresway.com/en_GB/soccer/primera-divisi%C3%B3n-2025-2026/80zg2v1cuqcfhphn56u4qpyqc/match/view/kxz64yu7ddap0d1agwdxugwk,Celta,Betis,1,1,6
21/9/2025,ekk0usjk6blgzpziu4ho01zo,https://www.scoresway.com/en_GB/soccer/primera-divisi%C3%B3n-2025-2026/80zg2v1cuqcfhphn56u4qpyqc/match/view/ekk0usjk6blgzpziu4ho01zo,Barcelona,Getafe,3,0,5
21/9/2025,faxb5rfdawpnwaoof1j1o3ro,https://www.scoresway.com/en_GB/soccer/primera-divisi%C3%B3n-2025-2026/80zg2v1cuqcfhphn56u4qpyqc/match/view/faxb5rfdawpnwaoof1j1o3ro,Elche,Oviedo,1,0,5
21/9/2025,gg5bnkuq3inqnecavarjo3dg,https://www.scoresway.com/en_GB/soccer/primera-divisi%C3%B3n-2025-2026/80zg2v1cuqcfhphn56u4qpyqc/match/view/gg5bnkuq3inqnecavarjo3dg,Mallorca,Atlético,1,1,5
21/9/2025,gtd7x0ncbf0phimiwpbxso44,https://www.scoresway.com/en_GB/soccer/primera-divisi%C3%B3n-2025-2026/80zg2v1cuqcfhphn56u4qpyqc/match/view/gtd7x0ncbf0phimiwpbxso44,Rayo,Celta,1,1,5
20/9/2025,g1dat3xp3jfi5wvyc0njidxw,https://www.scoresway.com/en_GB/soccer/primera-divisi%C3%B3n-2025-2026/80zg2v1cuqcfhphn56u4qpyqc/match/view/g1dat3xp3jfi5wvyc0njidxw,Valencia,Athletic,2,0,5
20/9/2025,hkc1gww0pz1b950ulnh6lnv8,https://www.scoresway.com/en_GB/soccer/primera-divisi%C3%B3n-2025-2026/80zg2v1cuqcfhphn56u4qpyqc/match/view/hkc1gww0pz1b950ulnh6lnv8,Villarreal,Osasuna,2,1,5
20/9/2025,e7g814p4n7r5gtpdqewz89p0,https://www.scoresway.com/en_GB/soccer/primera-divisi%C3%B3n-2025-2026/80zg2v1cuqcfhphn56u4qpyqc/match/view/e7g814p4n7r5gtpdqewz89p0,Alavés,Sevilla,1,2,5
20/9/2025,h6rpuztodqc4wokrpyck2zv8,https://www.scoresway.com/en_GB/soccer/primera-divisi%C3%B3n-2025-2026/80zg2v1cuqcfhphn56u4qpyqc/match/view/h6rpuztodqc4wokrpyck2zv8,Real Madrid,Espanyol,2,0,5
20/9/2025,fo7f0yq3c06q4hrw7vamnnro,https://www.scoresway.com/en_GB/soccer/primera-divisi%C3%B3n-2025-2026/80zg2v1cuqcfhphn56u4qpyqc/match/view/fo7f0yq3c06q4hrw7vamnnro,Girona,Levante,0,4,5
19/9/2025,exqzwxpls360bd9qf89ggff8,https://www.scoresway.com/en_GB/soccer/primera-divisi%C3%B3n-2025-2026/80zg2v1cuqcfhphn56u4qpyqc/match/view/exqzwxpls360bd9qf89ggff8,Betis,Real Sociedad,3,1,5
15/9/2025,c0ed2ycw3cur2spz99c0r2ms,https://www.scoresway.com/en_GB/soccer/primera-divisi%C3%B3n-2025-2026/80zg2v1cuqcfhphn56u4qpyqc/match/view/c0ed2ycw3cur2spz99c0r2ms,Espanyol,Mallorca,3,2,4
14/9/2025,b88u5e429cnb6ng0i5t4f9jo,https://www.scoresway.com/en_GB/soccer/primera-divisi%C3%B3n-2025-2026/80zg2v1cuqcfhphn56u4qpyqc/match/view/b88u5e429cnb6ng0i5t4f9jo,Barcelona,Valencia,6,0,4
14/9/2025,cqquj1075tqrewhxjjliqrys,https://www.scoresway.com/en_GB/soccer/primera-divisi%C3%B3n-2025-2026/80zg2v1cuqcfhphn56u4qpyqc/match/view/cqquj1075tqrewhxjjliqrys,Osasuna,Rayo,2,0,4
14/9/2025,dh2jy2sqqln0u67dgau8p53o,https://www.scoresway.com/en_GB/soccer/primera-divisi%C3%B3n-2025-2026/80zg2v1cuqcfhphn56u4qpyqc/match/view/dh2jy2sqqln0u67dgau8p53o,Levante,Betis,2,2,4
14/9/2025,bn4f12euztq92l1rq86faj2s,https://www.scoresway.com/en_GB/soccer/primera-divisi%C3%B3n-2025-2026/80zg2v1cuqcfhphn56u4qpyqc/match/view/bn4f12euztq92l1rq86faj2s,Celta,Girona,1,1,4
13/9/2025,av0qyy8sbq3jo28muv6smb6c,https://www.scoresway.com/en_GB/soccer/primera-divisi%C3%B3n-2025-2026/80zg2v1cuqcfhphn56u4qpyqc/match/view/av0qyy8sbq3jo28muv6smb6c,Atlético,Villarreal,2,0,4
13/9/2025,d3y8iv1iz7j4jz4loix4p9uc,https://www.scoresway.com/en_GB/soccer/primera-divisi%C3%B3n-2025-2026/80zg2v1cuqcfhphn56u4qpyqc/match/view/d3y8iv1iz7j4jz4loix4p9uc,Athletic,Alavés,0,1,4
13/9/2025,ahwl5kztusj3oxv74lxw8pas,https://www.scoresway.com/en_GB/soccer/primera-divisi%C3%B3n-2025-2026/80zg2v1cuqcfhphn56u4qpyqc/match/view/ahwl5kztusj3oxv74lxw8pas,Real Sociedad,Real Madrid,1,2,4
13/9/2025,cdmj53c561vyvy44s5q32p04,https://www.scoresway.com/en_GB/soccer/primera-divisi%C3%B3n-2025-2026/80zg2v1cuqcfhphn56u4qpyqc/match/view/cdmj53c561vyvy44s5q32p04,Getafe,Oviedo,2,0,4
12/9/2025,du8jha9qxukb7ki17m3y3aj8,https://www.scoresway.com/en_GB/soccer/primera-divisi%C3%B3n-2025-2026/80zg2v1cuqcfhphn56u4qpyqc/match/view/du8jha9qxukb7ki17m3y3aj8,Sevilla,Elche,2,2,4
31/8/2025,a4rapcrtfjbf1vihoi65rm6s,https://www.scoresway.com/en_GB/soccer/primera-divisi%C3%B3n-2025-2026/80zg2v1cuqcfhphn56u4qpyqc/match/view/a4rapcrtfjbf1vihoi65rm6s,Rayo,Barcelona,1,1,3
31/8/2025,8o8bord6whrdh4yaej7v766s,https://www.scoresway.com/en_GB/soccer/primera-divisi%C3%B3n-2025-2026/80zg2v1cuqcfhphn56u4qpyqc/match/view/8o8bord6whrdh4yaej7v766s,Espanyol,Osasuna,1,0,3
31/8/2025,9rnhp2t23qi248bbos0taxp0,https://www.scoresway.com/en_GB/soccer/primera-divisi%C3%B3n-2025-2026/80zg2v1cuqcfhphn56u4qpyqc/match/view/9rnhp2t23qi248bbos0taxp0,Betis,Athletic,1,2,3
31/8/2025,7xugcr8ngdrh3re1qvzjxnv8,https://www.scoresway.com/en_GB/soccer/primera-divisi%C3%B3n-2025-2026/80zg2v1cuqcfhphn56u4qpyqc/match/view/7xugcr8ngdrh3re1qvzjxnv8,Celta,Villarreal,1,1,3
30/8/2025,77rmbjidsouxav300f54behg,https://www.scoresway.com/en_GB/soccer/primera-divisi%C3%B3n-2025-2026/80zg2v1cuqcfhphn56u4qpyqc/match/view/77rmbjidsouxav300f54behg,Real Madrid,Mallorca,2,1,3
30/8/2025,91dd8ia3m0bxoqzjgyo3ptsk,https://www.scoresway.com/en_GB/soccer/primera-divisi%C3%B3n-2025-2026/80zg2v1cuqcfhphn56u4qpyqc/match/view/91dd8ia3m0bxoqzjgyo3ptsk,Girona,Sevilla,0,2,3
30/8/2025,9eknjmjtkb8hdsde5htzqiac,https://www.scoresway.com/en_GB/soccer/primera-divisi%C3%B3n-2025-2026/80zg2v1cuqcfhphn56u4qpyqc/match/view/9eknjmjtkb8hdsde5htzqiac,Oviedo,Real Sociedad,1,0,3
30/8/2025,7kvwnpl7nq950703yan4bspg,https://www.scoresway.com/en_GB/soccer/primera-divisi%C3%B3n-2025-2026/80zg2v1cuqcfhphn56u4qpyqc/match/view/7kvwnpl7nq950703yan4bspg,Alavés,Atlético,1,1,3
29/8/2025,6uofyrgo5n51e1rbx8n8eeqc,https://www.scoresway.com/en_GB/soccer/primera-divisi%C3%B3n-2025-2026/80zg2v1cuqcfhphn56u4qpyqc/match/view/6uofyrgo5n51e1rbx8n8eeqc,Valencia,Getafe,3,0,3
29/8/2025,8auqwdd7rhk8k4erd29m5c0k,https://www.scoresway.com/en_GB/soccer/primera-divisi%C3%B3n-2025-2026/80zg2v1cuqcfhphn56u4qpyqc/match/view/8auqwdd7rhk8k4erd29m5c0k,Elche,Levante,2,0,3
25/8/2025,3677z72kaa3hckjtmi5qnb4k,https://www.scoresway.com/en_GB/soccer/primera-divisi%C3%B3n-2025-2026/80zg2v1cuqcfhphn56u4qpyqc/match/view/3677z72kaa3hckjtmi5qnb4k,Sevilla,Getafe,1,2,2
25/8/2025,3wb1lwo6vq5hm78d7jllzd3o,https://www.scoresway.com/en_GB/soccer/primera-divisi%C3%B3n-2025-2026/80zg2v1cuqcfhphn56u4qpyqc/match/view/3wb1lwo6vq5hm78d7jllzd3o,Athletic,Rayo,1,0,2
24/8/2025,4zhv5gr0aqfz7e8e32rrx6hg,https://www.scoresway.com/en_GB/soccer/primera-divisi%C3%B3n-2025-2026/80zg2v1cuqcfhphn56u4qpyqc/match/view/4zhv5gr0aqfz7e8e32rrx6hg,Oviedo,Real Madrid,0,3,2
24/8/2025,3j6gjjg197ssn0pvnyq37itw,https://www.scoresway.com/en_GB/soccer/primera-divisi%C3%B3n-2025-2026/80zg2v1cuqcfhphn56u4qpyqc/match/view/3j6gjjg197ssn0pvnyq37itw,Villarreal,Girona,5,0,2
24/8/2025,6g1tozuo8an9qds56u85juhg,https://www.scoresway.com/en_GB/soccer/primera-divisi%C3%B3n-2025-2026/80zg2v1cuqcfhphn56u4qpyqc/match/view/6g1tozuo8an9qds56u85juhg,Real Sociedad,Espanyol,2,2,2
24/8/2025,4mfxv5abl2kcamp8edxmwzkk,https://www.scoresway.com/en_GB/soccer/primera-divisi%C3%B3n-2025-2026/80zg2v1cuqcfhphn56u4qpyqc/match/view/4mfxv5abl2kcamp8edxmwzkk,Osasuna,Valencia,1,0,2
23/8/2025,5pp18hcr9ery2hv17q7q6eqc,https://www.scoresway.com/en_GB/soccer/primera-divisi%C3%B3n-2025-2026/80zg2v1cuqcfhphn56u4qpyqc/match/view/5pp18hcr9ery2hv17q7q6eqc,Levante,Barcelona,2,3,2
23/8/2025,49e80e647ljijc5bz8tqc2l0,https://www.scoresway.com/en_GB/soccer/primera-divisi%C3%B3n-2025-2026/80zg2v1cuqcfhphn56u4qpyqc/match/view/49e80e647ljijc5bz8tqc2l0,Atlético,Elche,1,1,2
23/8/2025,62wqjuo2ykej3fzagx0scs9g,https://www.scoresway.com/en_GB/soccer/primera-divisi%C3%B3n-2025-2026/80zg2v1cuqcfhphn56u4qpyqc/match/view/62wqjuo2ykej3fzagx0scs9g,Mallorca,Celta,1,1,2
22/8/2025,5chzep0qs16scjx4m95i8owk,https://www.scoresway.com/en_GB/soccer/primera-divisi%C3%B3n-2025-2026/80zg2v1cuqcfhphn56u4qpyqc/match/view/5chzep0qs16scjx4m95i8owk,Betis,Alavés,1,0,2
19/8/2025,f46gwc0un9j7qzyfl4fpo6n10,https://www.scoresway.com/en_GB/soccer/primera-divisi%C3%B3n-2025-2026/80zg2v1cuqcfhphn56u4qpyqc/match/view/f46gwc0un9j7qzyfl4fpo6n10,Real Madrid,Osasuna,1,0,1
18/8/2025,2t5f41usmgztitxkybrycidw,https://www.scoresway.com/en_GB/soccer/primera-divisi%C3%B3n-2025-2026/80zg2v1cuqcfhphn56u4qpyqc/match/view/2t5f41usmgztitxkybrycidw,Elche,Betis,1,1,1
17/8/2025,1wwdsnnj2m9ewz1d1mgt7y8k,https://www.scoresway.com/en_GB/soccer/primera-divisi%C3%B3n-2025-2026/80zg2v1cuqcfhphn56u4qpyqc/match/view/1wwdsnnj2m9ewz1d1mgt7y8k,Espanyol,Atlético,2,1,1
17/8/2025,ine2hgzsb0qatru98nl045w,https://www.scoresway.com/en_GB/soccer/primera-divisi%C3%B3n-2025-2026/80zg2v1cuqcfhphn56u4qpyqc/match/view/ine2hgzsb0qatru98nl045w,Athletic,Sevilla,3,2,1
17/8/2025,z0rmb36p9jp9acw2he9dgk4,https://www.scoresway.com/en_GB/soccer/primera-divisi%C3%B3n-2025-2026/80zg2v1cuqcfhphn56u4qpyqc/match/view/z0rmb36p9jp9acw2he9dgk4,Celta,Getafe,0,2,1
16/8/2025,f4pxrt9gy35rbm5zxmjvxu5uc,https://www.scoresway.com/en_GB/soccer/primera-divisi%C3%B3n-2025-2026/80zg2v1cuqcfhphn56u4qpyqc/match/view/f4pxrt9gy35rbm5zxmjvxu5uc,Valencia,Real Sociedad,1,1,1
16/8/2025,15ir6pt6au1v00gtef02v4k,https://www.scoresway.com/en_GB/soccer/primera-divisi%C3%B3n-2025-2026/80zg2v1cuqcfhphn56u4qpyqc/match/view/15ir6pt6au1v00gtef02v4k,Alavés,Levante,2,1,1
16/8/2025,2d4xobwd1t1rd2kxlcjmqcyc,https://www.scoresway.com/en_GB/soccer/primera-divisi%C3%B3n-2025-2026/80zg2v1cuqcfhphn56u4qpyqc/match/view/2d4xobwd1t1rd2kxlcjmqcyc,Mallorca,Barcelona,0,3,1
15/8/2025,f56qt74kmg9pbt0ci47030mqc,https://www.scoresway.com/en_GB/soccer/primera-divisi%C3%B3n-2025-2026/80zg2v1cuqcfhphn56u4qpyqc/match/view/f56qt74kmg9pbt0ci47030mqc,Villarreal,Oviedo,2,0,1
15/8/2025,1f9e25njwyjk6ruheatqgglw,https://www.scoresway.com/en_GB/soccer/primera-divisi%C3%B3n-2025-2026/80zg2v1cuqcfhphn56u4qpyqc/match/view/1f9e25njwyjk6ruheatqgglw,Girona,Rayo,1,3,1