team_name,team_code,Jersey Number,player_name,player_id,Short Display Name,Display Name
Deportivo Alavés,ALA,1,Antonio Sivera,c7i0lduij4vsnluxisdnaxsk5,Sivera,A. Sivera
Deportivo Alavés,ALA,2,F. Garcés,658ed5dqfrdd5fe7ayo9eo1rd,Garcés,F. Garcés
Deportivo Alavés,ALA,3,Y. Enríquez,2ww626a9v31b072prdx0xf1g4,Enríquez,Y. Enríquez
Deportivo Alavés,ALA,4,Denis Suárez,28psc296gj3umo59qqha8jil1,Suárez,D. Suárez
Deportivo Alavés,ALA,5,Jon Pacheco,7bs0ph4yksf6lvkg91u9nqzqi,Pacheco,J. Pacheco
Deportivo Alavés,ALA,6,Ander Guevara,cme92rbmqszu51sjm99ho8a21,Guevara,A. Guevara
Deportivo Alavés,ALA,7,Carlos Vicente,bb2v7p23g1w8kb3nhuuwnil4a,Vicente,C. Vicente
Deportivo Alavés,ALA,7,Ángel Pérez,350ehsdbvwysbfxgeian91rf8,Pérez,Á. Pérez
Deportivo Alavés,ALA,8,Antonio Blanco,4zve4017u2i3zvxlnjruv25t5,Blanco,A. Blanco
Deportivo Alavés,ALA,9,M. Díaz,eufpzdp76oumhybvscmu76vo5,Díaz,M. Díaz
Deportivo Alavés,ALA,10,Carles Aleñá,eiqt71z69beq7akuhot0foset,Aleñá,C. Aleñá
Deportivo Alavés,ALA,11,Toni Martínez,1nd8l0ofw9x779c0ufwbbo4ph,Martínez,T. Martínez
Deportivo Alavés,ALA,14,N. Tenaglia,9tw6rz3lfmn06fzsabtx9ei95,Tenaglia,N. Tenaglia
Deportivo Alavés,ALA,15,L. Boyé,9ivrglgy0tibv881e1a93psr9,Boyé,L. Boyé
Deportivo Alavés,ALA,16,V. Koski,5ol17485ecah0trdmkw3byqne,Koski,V. Koski
Deportivo Alavés,ALA,17,Jonny,7wzwqegxhekjwq361dd2nidp1,Jonny,Jonny
Deportivo Alavés,ALA,18,Jon Guridi,bccp1nvtoc3n1q4g4sw1p7ro5,Guridi,J. Guridi
Deportivo Alavés,ALA,19,Pablo Ibáñez,eqw6fu3no9qxejk17tqgeey5m,Ibáñez,P. Ibáñez
Deportivo Alavés,ALA,20,Calebe,evyeubmelkx90xby5p9i38woa,Calebe,Calebe
Deportivo Alavés,ALA,21,A. Rebbach,1ttc96b92xjfx1ta3vdwya0dm,Rebbach,A. Rebbach
Deportivo Alavés,ALA,22,M. Diarra,c44zop1hvob3cmgu2grj8m0yy,Diarra,M. Diarra
Deportivo Alavés,ALA,22,I. Diabate,4psxc0t1nm2o7a984utuzwciy,Diabate,I. Diabate
Deportivo Alavés,ALA,23,C. Protesoni,16mj3l623plqx1hm9zvpvn5yh,Protesoni,C. Protesoni
Deportivo Alavés,ALA,24,Víctor Parada,6azcxbumsgd8es7mcd9b3t94a,Parada,V. Parada
Deportivo Alavés,ALA,28,Lander Pinillos,an5bw8oxg9ig8mj9pbn8qjthw,Pinillos,L. Pinillos
Deportivo Alavés,ALA,29,Diego Morcillo,87ycnbfm44w6j3komxt0cihp0,Morcillo,D. Morcillo
Deportivo Alavés,ALA,30,Carlos Ballestero,adhdg45s949jxd16ccqhm3ehg,Ballestero,C. Ballestero
Deportivo Alavés,ALA,34,Aitor Mañas,9nqvf6si8k5u91rjslfvgc650,Mañas,A. Mañas
Athletic Club,ATH,1,Unai Simón,4vlurpsi44g09g159t61u83bp,Simón,U. Simón
Athletic Club,ATH,2,Andoni Gorosabel,b91n9sdabth8oocdawayybdud,Gorosabel,A. Gorosabel
Athletic Club,ATH,3,Dani Vivian,9d5h5wxf44qu4fw3jk2pgis16,Vivian,D. Vivian
Athletic Club,ATH,4,Aitor Paredes,5kd57453a90zahgdxwkghr816,Paredes,A. Paredes
Athletic Club,ATH,5,Yeray,uzzq2p3s1qnb3wv1pee3mcph,Yeray,Yeray
Athletic Club,ATH,6,Mikel Vesga,83n1qv6ypl625aolzjeqifv11,Vesga,M. Vesga
Athletic Club,ATH,7,Alex Berenguer,do5tibysnhbnbw18nwdo39kut,Berenguer,A. Berenguer
Athletic Club,ATH,8,Oihan Sancet,dfcbvsb7o18lavmonbp5ucwoa,Sancet,O. Sancet
Athletic Club,ATH,9,I. Williams,ddvvwqxpsqqboupi3gx1ijhed,Williams,I. Williams
Athletic Club,ATH,10,Nico Williams,66jotyvbhtz5cjvhbby6luelm,Williams,N. Williams
Athletic Club,ATH,11,Gorka Guruzeta,3tzvbdszdrj1tayik9igbve8l,Guruzeta,G. Guruzeta
Athletic Club,ATH,12,Jesús Areso,7r7wgbcu7vmlj19m9jpjhu1yi,Areso,J. Areso
Athletic Club,ATH,14,Aymeric Laporte,7fmpgkx58o9pivo2bbnxxkt05,Laporte,A. Laporte
Athletic Club,ATH,15,Íñigo Lekue,v7isqpxiursyjhj5rmhyhjv9,Lekue,Í. Lekue
Athletic Club,ATH,16,Íñigo Ruíz de Galarreta,7ubtan6a51o79w469zawrqqqd,R. d. Galarreta,Í. R. d. Galarreta
Athletic Club,ATH,17,Yuri,8hm6d6395johhjsoe8jz6dcyd,Yuri,Yuri
Athletic Club,ATH,18,Mikel Jauregizar,ck7lu09geq8mi6vkf2llyi5ii,Jauregizar,M. Jauregizar
Athletic Club,ATH,19,Adama Boiro,5ayo0fp6wod7cqg71e38zdz4k,Boiro,A. Boiro
Athletic Club,ATH,20,Unai Gómez,b2rqgjegzeyq6wy6qu63zz2fo,Gómez,U. Gómez
Athletic Club,ATH,21,M. Sannadi,by8xbw0rb239l1x4b0t33tpn8,Sannadi,M. Sannadi
Athletic Club,ATH,22,Nico Serrano,26wj6flfqi59vgz6vwjgur2ay,Serrano,N. Serrano
Athletic Club,ATH,23,Robert Navarro,7aoe0u87gxgv9tvgrotcfue7e,Navarro,R. Navarro
Athletic Club,ATH,24,Beñat Prados,352ywlfcjt329s7etjn4rkui2,Prados,B. Prados
Athletic Club,ATH,25,Urko Izeta,43sv2qpco7dsobxna7z9dugyy,Izeta,U. Izeta
Athletic Club,ATH,27,Á. Padilla,b9q69u0q11bjpu0393sdy50,Padilla,Á. Padilla
Athletic Club,ATH,30,Alejandro Rego,1xsrdgt40nb6p9qvt6mf272fo,Rego,A. Rego
Athletic Club,ATH,31,Asier Hierro,a2k7c99py1zab3qa0i0pjy590,Hierro,A. Hierro
Athletic Club,ATH,44,Selton Sánchez,esru3us4k7xaj6hjycz78pdsk,Sánchez,S. Sánchez
Athletic Club,ATH,49,Eder García,72teeil638lx1xlg6htlkt1qs,García,E. García
Club Atlético de Madrid,ATM,1,J. Musso,7drgir9lcwfst8vxz07jboe6t,Musso,J. Musso
Club Atlético de Madrid,ATM,2,J. Giménez,548jzfl9higq44w9bgqvcjh05,Giménez,J. Giménez
Club Atlético de Madrid,ATM,3,M. Ruggeri,7mvqysbmyf6uj3jny3qpqw2ga,Ruggeri,M. Ruggeri
Club Atlético de Madrid,ATM,4,C. Gallagher,c83h08n0vnjvfgglyefy03h0p,Gallagher,C. Gallagher
Club Atlético de Madrid,ATM,4,Rodrigo Mendoza,1filh68q6hdk921qkdo7rsvmc,Mendoza,R. Mendoza
Club Atlético de Madrid,ATM,5,J. Cardoso,3ub05nnpt9o7s387z6oj8vf56,Cardoso,J. Cardoso
Club Atlético de Madrid,ATM,6,Koke,b9kfek16otvdorssn0wzkb36d,Koke,Koke
Club Atlético de Madrid,ATM,7,A. Griezmann,716n1970vi9rvw5b4w9qmjfth,Griezmann,A. Griezmann
Club Atlético de Madrid,ATM,8,Pablo Barrios,9e7ybe0nsu3byq2tteey3zuy2,Barrios,P. Barrios
Club Atlético de Madrid,ATM,9,A. Sørloth,6akzpi6rd6qq0ke07ojnhpoet,Sørloth,A. Sørloth
Club Atlético de Madrid,ATM,10,Álex Baena,5zoz3mjooujpv0wdcphyrztd6,Baena,Á. Baena
Club Atlético de Madrid,ATM,11,T. Almada,4ea0sjczqa5ah1w720zlakkfe,Almada,T. Almada
Club Atlético de Madrid,ATM,13,J. Oblak,2yt9oajv9dkbju8tgy1g2nmqd,Oblak,J. Oblak
Club Atlético de Madrid,ATM,14,Marcos Llorente,amxunh6enoc99r07cp7qt621h,Llorente,M. Llorente
Club Atlético de Madrid,ATM,15,C. Lenglet,3gsprcdyogabeb8lr2y0bmytx,Lenglet,C. Lenglet
Club Atlético de Madrid,ATM,16,N. Molina,ieu0x9fy8hpqyztdjg8bgpnt,Molina,N. Molina
Club Atlético de Madrid,ATM,17,D. Hancko,1vyh50nfaq2kq5pmivpkc1psl,Hancko,D. Hancko
Club Atlético de Madrid,ATM,18,Marc Pubill,d0kzduhj90areaill2gvvw6xg,Pubill,M. Pubill
Club Atlético de Madrid,ATM,19,J. Alvarez,9ikkuxd19avliz1khcrm82gyy,Alvarez,J. Alvarez
Club Atlético de Madrid,ATM,20,G. Simeone,5es43b4a7fv0lkmp63dj439ey,Simeone,G. Simeone
Club Atlético de Madrid,ATM,21,Javi Galán,40gxfsz7bgrkdudqewlpxzyzt,Galán,J. Galán
Club Atlético de Madrid,ATM,21,O. Vargas,q00t04zyy8idanvhpee3ubu2,Vargas,O. Vargas
Club Atlético de Madrid,ATM,22,G. Raspadori,abq67eup8kd31w8da2i0eftgp,Raspadori,G. Raspadori
Club Atlético de Madrid,ATM,22,A. Lookman,8d04q3yp2kouwog0lj0s7ew2x,Lookman,A. Lookman
Club Atlético de Madrid,ATM,23,N. González,eh1ul4duphy1iz4odwx9tkjjd,González,N. González
Club Atlético de Madrid,ATM,24,Robin Le Normand,6xulax65kp4aid70nk7g5jr2t,Le Normand,R. Le Normand
Club Atlético de Madrid,ATM,27,Jano Monserrate,2hgczqjd0r748ye3zmqm0am1g,Monserrate,J. Monserrate
Club Atlético de Madrid,ATM,28,Taufik Seidu,17qer12owcsluo5djhufxa8es,Seidu,T. Seidu
Club Atlético de Madrid,ATM,29,Rayane Belaid,6dswrjvnakdr8gwun530inwgk,Belaid,R. Belaid
Club Atlético de Madrid,ATM,30,Dani Martínez,51qvkjhgmbxersyfxzb8en1n8,Martínez,D. Martínez
Club Atlético de Madrid,ATM,32,Javier Boñar,6m5v97if055boykubm2hq8es,Boñar,J. Boñar
Club Atlético de Madrid,ATM,34,Julio Díaz,9mh4ven84dualv113vxinqn10,Díaz,J. Díaz
Club Atlético de Madrid,ATM,37,Iker Luque,a9olh86vdqnby3hz8ibwfq784,Luque,I. Luque
Club Atlético de Madrid,ATM,40,A. Puric,6wdf76fgg6h13ybmzeye3io7o,Puric,A. Puric
Club Atlético de Madrid,ATM,47,Javier Morcillo,8921la7pznfjc4e69ul2pqmms,Morcillo,J. Morcillo
Club Atlético de Madrid,ATM,61,Cubo,1nhb64ca6p3nxejefcu4i5n2s,Cubo,Cubo
FC Barcelona,BAR,2,João Cancelo,29pq64smaxdwlraopnxoleqxh,Cancelo,J. Cancelo
FC Barcelona,BAR,3,Alejandro Balde,bzgh5psb1janz9y3btpswngbu,Balde,A. Balde
FC Barcelona,BAR,4,R. Araujo,awsod0zmnrukk21d4882ji7e1,Araujo,R. Araujo
FC Barcelona,BAR,5,Pau Cubarsí,bkwxem45cf48k14euwqe7rs44,Cubarsí,P. Cubarsí
FC Barcelona,BAR,6,Gavi,eb3ci3a120om80v80mobsus8a,Gavi,Gavi
FC Barcelona,BAR,7,Ferran Torres,2szgrzcosfeifh664tgt3mfvt,Ferran,F. Torres
FC Barcelona,BAR,8,Pedri,4ftlhtels58lyzfluwofzwxuy,Pedri,Pedri
FC Barcelona,BAR,9,R. Lewandowski,afxjicw89683nlpms9yy5x51x,Lewandowski,R. Lewandowski
FC Barcelona,BAR,10,Lamine Yamal,abr79wsl0folgkyvl821ggs2c,Lamine Yamal,Lamine Yamal
FC Barcelona,BAR,11,Raphinha,2wl6h1rlrfnn2mr65vuo3t815,Raphinha,Raphinha
FC Barcelona,BAR,13,Joan García,5f8kjgsaabn2li5r7bvpebbsa,García,J. García
FC Barcelona,BAR,14,M. Rashford,604osk9a3lxpfpkavuziqmn6x,Rashford,M. Rashford
FC Barcelona,BAR,15,A. Christensen,1av9mmv19jwvc4xdr0p9owyxh,Christensen,A. Christensen
FC Barcelona,BAR,16,Fermín López,cjll1xrw3xulnl23c9tlf6rys,F. López,F. López
FC Barcelona,BAR,17,Marc Casadó,3hht0os2uzu234yq550i3fbe2,Casadó,M. Casadó
FC Barcelona,BAR,18,Gerard Martín,6l1y87tlepsvr83d8y2qifeqy,Martín,G. Martín
FC Barcelona,BAR,19,R. Bardghji,66psa7xh8odnlp39ue5vzpes4,Bardghji,R. Bardghji
FC Barcelona,BAR,20,Dani Olmo,4gq1u1mqg0qzekh1u5djleeax,Olmo,D. Olmo
FC Barcelona,BAR,21,F. de Jong,ezviixcyaaj162saxs2yl27s9,de Jong,F. de Jong
FC Barcelona,BAR,22,Marc Bernal,4et6r42e7q2ojgaumwnua2kgk,Bernal,M. Bernal
FC Barcelona,BAR,23,J. Koundé,cscn06kwqfzo09h0dc5ybt1pl,Koundé,J. Koundé
FC Barcelona,BAR,24,Eric García,4ggz7e009bq3yltc9o6mifbah,E. García,E. García
FC Barcelona,BAR,25,W. Szczęsny,6ofu6yc2qwp5ii9cerdq1tk9h,Szczęsny,W. Szczęsny
FC Barcelona,BAR,26,Jofre Torrents,30pqkknatgokvb4ezeesbc00k,Torrents,J. Torrents
FC Barcelona,BAR,27,Dro Fernández,et72bvivn2sh4gq9lb2fbsm50,D. Fernández,D. Fernández
FC Barcelona,BAR,29,Toni Fernández,9sanzxzkj52vz1mqj1d7g08b8,T. Fernández,T. Fernández
FC Barcelona,BAR,36,Álvaro Cortés,84ifgcsn9xuvyw4m4lrcf57v8,Cortés,Á. Cortés
FC Barcelona,BAR,42,Xavi Espart,1jpq7xvsg1xh51ff03qukrj84,Espart,X. Espart
FC Barcelona,BAR,43,Tomás Marqués,atdg5275m47swrm5nrip8m9lg,Marqués,T. Marqués
Real Betis Balompié,BET,1,Álvaro Valles,routhh0ialijcg3egagouig9,Valles,Á. Valles
Real Betis Balompié,BET,2,Héctor Bellerín,3e8mxxfs5q7gt4lg2beqpkwyd,Bellerín,H. Bellerín
Real Betis Balompié,BET,3,Diego Llorente,9ao7l82r1xd2rjnvv5u6plcr9,Llorente,D. Llorente
Real Betis Balompié,BET,4,Natan,2r4450bqkmpcf1ogmcfhvczmy,Natan,Natan
Real Betis Balompié,BET,5,Marc Bartra,evpjdko94awbqbbl5wl9hto7p,Bartra,M. Bartra
Real Betis Balompié,BET,6,Sergi Altimira,5o07mnpidavbe0hqoqzwgom50,Altimira,S. Altimira
Real Betis Balompié,BET,7,Antony,v22q59d00b5v78rgx7v8z3vu,Antony,Antony
Real Betis Balompié,BET,8,Pablo Fornals,6aix9yu384pv1caanqiol231l,Fornals,P. Fornals
Real Betis Balompié,BET,9,C. Ávila,cuxm7t8cql3v06hqf18wvcul1,Ávila,C. Ávila
Real Betis Balompié,BET,10,A. Ezzalzouli,96cbv23es0gucmd2v0qvk3iwa,Ezzalzouli,A. Ezzalzouli
Real Betis Balompié,BET,11,C. Bakambu,a68fosxpgtyxj64ex9f6nget,Bakambu,C. Bakambu
Real Betis Balompié,BET,12,R. Rodríguez,9ak3zczupeken1itsmkherbh1,Rodríguez,R. Rodríguez
Real Betis Balompié,BET,13,Adrián,2r4ox2h5r7doo3ys9ynm2nbo5,Adrián,Adrián
Real Betis Balompié,BET,14,S. Amrabat,4kfx8fzf54bli2a2o0i3fvhed,Amrabat,S. Amrabat
Real Betis Balompié,BET,15,Á. Fidalgo,733ho2s9aqwwxzbqfiia3b7bp,Fidalgo,Á. Fidalgo
Real Betis Balompié,BET,16,V. Gómez,79u84y1eb01yyp8mhpej75q1g,Gómez,V. Gómez
Real Betis Balompié,BET,17,Rodrigo Riquelme,bqmhsb2bsuuuijw2ci39l01k9,Riquelme,R. Riquelme
Real Betis Balompié,BET,18,N. Deossa,72pvwj4z6j8xwsgs6zlhr5e6s,Deossa,N. Deossa
Real Betis Balompié,BET,19,C. Hernández,8aao79b1g77c5jhp1n0w60xrd,Hernández,C. Hernández
Real Betis Balompié,BET,20,G. Lo Celso,dhtb9gizk25k1u3h0b7xgy4tl,Lo Celso,G. Lo Celso
Real Betis Balompié,BET,21,Marc Roca,4r6jcuotjs6rz8iwu20996z85,Roca,M. Roca
Real Betis Balompié,BET,22,Isco,45s1v9805id09m5zkcylueod1,Isco,Isco
Real Betis Balompié,BET,23,J. Firpo,9rfwfsz5cmckyjripqgtbc7op,Firpo,J. Firpo
Real Betis Balompié,BET,24,Aitor Ruibal,9226xt1t1m3fy4ob9l2r16609,Ruibal,A. Ruibal
Real Betis Balompié,BET,25,Pau López,26atxu4fr8f87oi8mt6z70mhh,López,P. López
Real Betis Balompié,BET,37,Dani Pérez,bdbqu8d13otbx5jt3lsv3qq6s,Pérez,D. Pérez
Real Betis Balompié,BET,40,Ángel Ortiz,cd0w7dewgwkiiqkg0jty8ae50,Ortiz,Á. Ortiz
Real Betis Balompié,BET,50,Iván Corralejo,3bbg1d1eis9t1ds9bn9ryhyc4,Corralejo,I. Corralejo
Real Betis Balompié,BET,52,Pablo García,5lsx1d5uu8hu6x6a2eocqhvys,García,P. García
Real Club Celta de Vigo,CEL,2,C. Starfelt,cksi669gcnskpytzh70a43it,Starfelt,C. Starfelt
Real Club Celta de Vigo,CEL,3,Óscar Mingueza,c3sl9ajm4q424r4u37iath3hl,Mingueza,Ó. Mingueza
Real Club Celta de Vigo,CEL,4,J. Aidoo,3qrk8nw6nc8o96n7jr1az21ux,Aidoo,J. Aidoo
Real Club Celta de Vigo,CEL,5,Sergio Carreira,5tc1y5n3h4ties7gbc3zd9j6y,Carreira,S. Carreira
Real Club Celta de Vigo,CEL,6,I. Moriba,64ctdbd0w5ikj0fkcuu9jdbhm,Moriba,I. Moriba
Real Club Celta de Vigo,CEL,7,Borja Iglesias,d12m2oz1lomkc1qxmpht38lat,Iglesias,B. Iglesias
Real Club Celta de Vigo,CEL,8,Fran Beltrán,e3czx0nsuw10acnftbr8ud0bt,Beltrán,F. Beltrán
Real Club Celta de Vigo,CEL,8,Fer López,9g4ojrys88awchyj6zgmd6oes,López,F. López
Real Club Celta de Vigo,CEL,9,Ferran Jutglà,9mlj7fxon5zy1qmktvvcwjrl6,Jutglà,F. Jutglà
Real Club Celta de Vigo,CEL,10,Iago Aspas,cs2yx3hiqjsb4i5ul2r5kmdat,Aspas,I. Aspas
Real Club Celta de Vigo,CEL,12,Manu Fernández,c2z40s3jlj0xsyoihce3ksdbe,Fernández,M. Fernández
Real Club Celta de Vigo,CEL,13,I. Radu,6wplm29z7qxxmujyc2ml19gix,Radu,I. Radu
Real Club Celta de Vigo,CEL,14,Álvaro Núñez,e1g4cho31825bw7apvh9xr0x6,Núñez,Á. Núñez
Real Club Celta de Vigo,CEL,14,Damián Rodríguez,81fw03v34t2u3xnwq5gpdbpck,Rodríguez,D. Rodríguez
Real Club Celta de Vigo,CEL,15,Bryan Zaragoza,bzv32rpgvs111w8e2gch452xg,Zaragoza,B. Zaragoza
Real Club Celta de Vigo,CEL,15,M. Vecino,9462218yklkts6mod3cbfryz9,Vecino,M. Vecino
Real Club Celta de Vigo,CEL,16,Miguel Román,a39ntr1ek9aavke18yucd0r2s,Román,M. Román
Real Club Celta de Vigo,CEL,17,Javi Rueda,75xbiozismh96vufhrhkng4mi,Rueda,J. Rueda
Real Club Celta de Vigo,CEL,18,Pablo Durán,9ksvo095xi2t4q4pvgxa836z8,Durán,P. Durán
Real Club Celta de Vigo,CEL,19,W. Swedberg,e91yegwfliqhfy9yyk19otafo,Swedberg,W. Swedberg
Real Club Celta de Vigo,CEL,20,Marcos Alonso,9i7lb16qty1t21bnc5h7skclx,Alonso,M. Alonso
Real Club Celta de Vigo,CEL,21,M. Ristić,18mddnpa54ygoaefaj0c5obf9,Ristić,M. Ristić
Real Club Celta de Vigo,CEL,22,Hugo Sotelo,c60m17adgxbewkrzizwtzd91w,Sotelo,H. Sotelo
Real Club Celta de Vigo,CEL,23,Hugo Álvarez,daid84a2zbh8rasleahdp8nis,Álvarez,H. Álvarez
Real Club Celta de Vigo,CEL,24,Carlos Domínguez,3sy16pz110zmyq073ao24l1ck,Domínguez,C. Domínguez
Real Club Celta de Vigo,CEL,29,Yoel Lago,6q341ss6es4r2m1o5s5e80nbo,Lago,Y. Lago
Real Club Celta de Vigo,CEL,30,Hugo González,3xu6rpdncvtd2adn94xaqavze,González,H. González
Real Club Celta de Vigo,CEL,32,Javi Rodríguez,79n0dyjagmleor1fpwl25qql0,Rodríguez,J. Rodríguez
Real Club Celta de Vigo,CEL,36,Andrés Antañón,96h53hatq4r3zsfvn5xl752c4,Antañón,A. Antañón
Real Club Celta de Vigo,CEL,38,Hugo Burcio,2h0nzzgjm960f5i93ncgp4mxg,Burcio,H. Burcio
Real Club Celta de Vigo,CEL,39,J. El Abdellaoui,530jf9kq6s7dqggz6how0lt04,El Abdellaoui,J. El Abdellaoui
Elche CF,ELC,1,M. Dituro,8rgy29sd9okehwq8bzyb3v0t1,Dituro,M. Dituro
Elche CF,ELC,3,Adrià Pedrosa,8rprxly1blrhq9cwhfqoheeax,Pedrosa,A. Pedrosa
Elche CF,ELC,3,Jairo Izquierdo,3lgfd54rnqbz247l5x18egd79,Izquierdo,J. Izquierdo
Elche CF,ELC,4,Bambo Diaby,1shws5hqogav06tvx8xm5ofe1,Diaby,B. Diaby
Elche CF,ELC,5,F. Redondo,b8yk8yve4u39s9gjjvedzf6l0,Redondo,F. Redondo
Elche CF,ELC,6,Pedro Bigas,33r4ae8aivh27ho0ix9mnkedx,Bigas,P. Bigas
Elche CF,ELC,7,Yago Santiago,2b231y5sxluy2p7lv5kywv4ve,Santiago,Y. Santiago
Elche CF,ELC,8,Marc Aguado,z0qe6u5fvgrjy0jzk1qhbgq2,Aguado,M. Aguado
Elche CF,ELC,9,André Silva,dhhmffih4gl51nlu92hfctqs5,Silva,A. Silva
Elche CF,ELC,10,Rafa Mir,4sojot9t32l4a6fm3e39xkcfd,Mir,R. Mir
Elche CF,ELC,11,Germán Valera,5mgmcero3ui4a24v1w1upx3sa,Valera,G. Valera
Elche CF,ELC,12,Gonzalo Villar,bh4a2zneilpvi1t7etuhkfl61,Villar,G. Villar
Elche CF,ELC,13,Iñaki Peña,4mxx1oxkiexm0ha34utcmb17t,Peña,I. Peña
Elche CF,ELC,14,Aleix Febas,90ga4jxu6ydpoliajft8w9y39,Febas,A. Febas
Elche CF,ELC,15,Álvaro Núñez,e1g4cho31825bw7apvh9xr0x6,Núñez,Á. Núñez
Elche CF,ELC,15,Tete Morente,1i9mqbswolg91evnmsrf5katx,Morente,T. Morente
Elche CF,ELC,16,Martim Neto,dkdy6ighxc2j05suqc2odry3u,Neto,M. Neto
Elche CF,ELC,17,Josan,ac5f9msbvijksbq5s2ivwh979,Josan,Josan
Elche CF,ELC,18,John Donald,clrlsy05spf55w39f84b7p3sa,Donald,J. Donald
Elche CF,ELC,19,G. Diangana,dce6e4b9ckqkxj1zpsh8poz55,Diangana,G. Diangana
Elche CF,ELC,19,M. El Ghezouani,3b1t1bhcalqyj33n6zer7o86i,El Ghezouani,M. El Ghezouani
Elche CF,ELC,20,Á. Rodríguez,osme4gegtnhlldt4lsqf56ac,Rodríguez,Á. Rodríguez
Elche CF,ELC,21,L. Pétrot,dfss2zdkn61bbq312zhxlddyh,Pétrot,L. Pétrot
Elche CF,ELC,22,D. Affengruber,7o7vwlqxknci1fymzkn9hug6i,Affengruber,D. Affengruber
Elche CF,ELC,23,Víctor Chust,8nbnru9t2qxaotxw0hiaocdt5,Chust,V. Chust
Elche CF,ELC,24,L. Cepeda,d87uduceapind7lgv6273xedw,Cepeda,L. Cepeda
Elche CF,ELC,30,Rodrigo Mendoza,1filh68q6hdk921qkdo7rsvmc,Mendoza,R. Mendoza
Elche CF,ELC,32,A. El Mokhtari,9rr6g0wel9f0noof3d9dwrehg,El Mokhtari,A. El Mokhtari
Elche CF,ELC,35,A. Houary,1zpt144smsq4ggjpvfhq55udw,Houary,A. Houary
Elche CF,ELC,38,Alex Sánchez,coiof0pcf90xmyoea9ktrdn9w,Sánchez,A. Sánchez
Elche CF,ELC,39,Héctor Fort,8xjdsfk5u7wph4o7h1w45dses,Fort,H. Fort
Elche CF,ELC,42,Buba Sangaré,anzk8a183bh3gf3gcuz0v0tuc,Sangaré,B. Sangaré
Reial Club Deportiu Espanyol de Barcelona,ESP,1,Ángel Fortuño,1wylybleussatoxg8u6reao2y,Fortuño,Á. Fortuño
Reial Club Deportiu Espanyol de Barcelona,ESP,2,Rubén Sánchez,4ypoy27moehhbiaf3o1bntht6,Sánchez,R. Sánchez
Reial Club Deportiu Espanyol de Barcelona,ESP,4,Urko González de Zárate,7y8ns61qioqu7kfsqzkvkwhuy,González,U. González
Reial Club Deportiu Espanyol de Barcelona,ESP,5,Fernando Calero,2rqxh5mex336ci45jaw428y5l,Calero,F. Calero
Reial Club Deportiu Espanyol de Barcelona,ESP,6,L. Cabrera,6810qbng9pfg1bztczv11grmd,Cabrera,L. Cabrera
Reial Club Deportiu Espanyol de Barcelona,ESP,7,Javi Puado,e5qp6dh1prc55llew51zpy1gp,Puado,J. Puado
Reial Club Deportiu Espanyol de Barcelona,ESP,8,Edu Expósito,8qvqdjw1d58mw7420lpmk7bah,Expósito,E. Expósito
Reial Club Deportiu Espanyol de Barcelona,ESP,9,Roberto Fernández,5fqvl0m1rkzhj9tmafrcxur6c,Fernández,R. Fernández
Reial Club Deportiu Espanyol de Barcelona,ESP,10,Pol Lozano,74wjzeja92l4q8fpy1bkmcsfd,Lozano,P. Lozano
Reial Club Deportiu Espanyol de Barcelona,ESP,11,Pere Milla,1ore4ght7ls393tcpbmah9dcl,Milla,P. Milla
Reial Club Deportiu Espanyol de Barcelona,ESP,12,José Salinas,3ghychnf02zs5pmw2s0ds3p7u,Salinas,J. Salinas
Reial Club Deportiu Espanyol de Barcelona,ESP,13,M. Dmitrović,bahph7009sc73jl6s2bramn6d,Dmitrović,M. Dmitrović
Reial Club Deportiu Espanyol de Barcelona,ESP,14,Ramon Terrats,20ebw399jhbq0i5x2eacrrs6i,Terrats,R. Terrats
Reial Club Deportiu Espanyol de Barcelona,ESP,15,Miguel Rubio,6x42rn7aburucovfe7mke9ld6,Rubio,M. Rubio
Reial Club Deportiu Espanyol de Barcelona,ESP,16,C. Ngonge,a9z0jsjwfteq974bxwucvc4ix,Ngonge,C. Ngonge
Reial Club Deportiu Espanyol de Barcelona,ESP,16,L. Koleosho,4ho3e7wi6z5tq8g87l8tjtwtm,Koleosho,L. Koleosho
Reial Club Deportiu Espanyol de Barcelona,ESP,17,Jofre Carreras,59u1gn30f6bg5lr06zsglykq2,Carreras,J. Carreras
Reial Club Deportiu Espanyol de Barcelona,ESP,18,C. Pickel,a8ez7qv4n62b8s45pdo8u07o5,Pickel,C. Pickel
Reial Club Deportiu Espanyol de Barcelona,ESP,19,Kike García,4l2rgx65vzgrrxorbc1edq8yd,García,K. García
Reial Club Deportiu Espanyol de Barcelona,ESP,20,Antoniu Roca,1am59svvwz5idpdjq307dd5hw,Roca,A. Roca
Reial Club Deportiu Espanyol de Barcelona,ESP,22,Carlos Romero,5djkwcoflvxcv5oida6txfyp6,Romero,C. Romero
Reial Club Deportiu Espanyol de Barcelona,ESP,23,O. El Hilali,7h0b81yjiiu356rycsakgd0yc,El Hilali,O. El Hilali
Reial Club Deportiu Espanyol de Barcelona,ESP,24,T. Dolan,bce703taa20nxg814t2giuei,Dolan,T. Dolan
Reial Club Deportiu Espanyol de Barcelona,ESP,32,Lluc Castell,9se69u4no5q79ebv1bgjhcv84,Castell,L. Castell
Reial Club Deportiu Espanyol de Barcelona,ESP,38,C. Riedel,53bjqee7oomr7czgfmm1mcy96,Riedel,C. Riedel
Getafe CF,GET,2,D. Dakonam,9see13i1f0n1ju4uhs8sijutx,Dakonam,D. Dakonam
Getafe CF,GET,3,A. Abqar,br4wylyaeqyxoss5of7r51boq,Abqar,A. Abqar
Getafe CF,GET,4,Y. Neyou,6772p87u8cf9g6qyk5x414h61,Neyou,Y. Neyou
Getafe CF,GET,5,Luis Milla,ch1lxxbn01at4jmkafy4uevh1,Milla,L. Milla
Getafe CF,GET,6,Mario Martín,1riebanoqbl7brs1bm3lkgxlg,Martín,M. Martín
Getafe CF,GET,7,Juanmi,c4je25rkbg2n45xs5iurevhlh,Juanmi,Juanmi
Getafe CF,GET,7,Álex Sola,eucew4k6eswqr6emzsdg4if3d,Sola,Á. Sola
Getafe CF,GET,8,M. Arambarri,5gorfhj7uwpomrhlso1krxrkl,Arambarri,M. Arambarri
Getafe CF,GET,9,Borja Mayoral,52e2ogoex674bz6pcwluapdxx,Mayoral,B. Mayoral
Getafe CF,GET,10,M. Satriano,c68syh6axbkqmcmvrpumqb8mi,Satriano,M. Satriano
Getafe CF,GET,10,C. Uche,7kser55g81n3lqj9rjd2mwftg,Uche,C. Uche
Getafe CF,GET,11,A. Kamara,73mz7xafzid0mvbi59kb9u0dm,Kamara,A. Kamara
Getafe CF,GET,12,A. Nyom,6lz4bncnjfcm7wrtuiovguv2t,Nyom,A. Nyom
Getafe CF,GET,13,David Soria,vota9gwygxp3wc998tl7ldxx,Soria,D. Soria
Getafe CF,GET,14,Javi Muñoz,aohmwqhdb8hlp5lvqboh0t5g5,Muñoz,J. Muñoz
Getafe CF,GET,15,S. Boselli,4wkn0nrhl9gmaflvw2wdoup04,Boselli,S. Boselli
Getafe CF,GET,16,Diego Rico,dkt9892ixwnz1bkmgileo71sl,Rico,D. Rico
Getafe CF,GET,17,Kiko Femenía,6wpnjdlg2p8f19y3gjpz1su6t,Femenía,K. Femenía
Getafe CF,GET,18,Alex Sancris,1h9m92ke4lsj8jzb1l5wfqsmi,Sancris,A. Sancris
Getafe CF,GET,19,L. Vázquez,cei4ujo2jqzc9f0tmi8xgll62,Vázquez,L. Vázquez
Getafe CF,GET,20,Coba da Costa,czo50ep8l8ubnp8ifn6bx87pw,da Costa,C. da Costa
Getafe CF,GET,20,V. Birmančević,b3xdln1shzyzwkhzdmbb2fqax,Birmančević,V. Birmančević
Getafe CF,GET,21,Juan Iglesias,5lzbyj5i0cotpry4gneap8c89,Iglesias,J. Iglesias
Getafe CF,GET,22,Domingos Duarte,cue88fm1v1ysfuwhql68czydx,Duarte,D. Duarte
Getafe CF,GET,23,Adrián Liso,alz5rwbxued4hgkts0panocus,Liso,A. Liso
Getafe CF,GET,24,Z. Romero,buglwgk2hthoyqt1ocghya92i,Romero,Z. Romero
Getafe CF,GET,26,Davinchi,5cti09ebqg7or3stoh5k2mo7o,Davinchi,Davinchi
Getafe CF,GET,31,I. Bekhoucha,5oto675vo4ugk7nm22q4vkhsk,Bekhoucha,I. Bekhoucha
Getafe CF,GET,34,Hugo Solozábal,c756iuzmvsnw0fepg61hurbpw,Solozábal,H. Solozábal
Getafe CF,GET,37,Joselu Pérez,2tm16w51ewqjgabmx93rettsk,Pérez,J. Pérez
Getafe CF,GET,41,Jorge Montes,elstpch5la22e7wcn9cxp8avo,Montes,J. Montes
Getafe CF,GET,45,Alejandro Mestanza,cczre91rv404v648514qs00es,Mestanza,A. Mestanza
Getafe CF,GET,46,Damián,c6f2r0b5jfzwnia76b7p9yzo4,Damián,Damián
Girona FC,GIR,2,Hugo Rincón,eku9q64i0rwdxytris5ahfyms,Rincón,H. Rincón
Girona FC,GIR,3,Joel Roca,25h51j4zz5m180na6sy5ybbpw,Roca,J. Roca
Girona FC,GIR,4,Arnau Martínez,2nq5nzq35tfwc7po29dtwqp78,Martínez,A. Martínez
Girona FC,GIR,5,David López,4o0ei8wawffrg2hvnbmcxipxx,López,D. López
Girona FC,GIR,6,D. van de Beek,6gruusc463fdln5uz1uzhne8l,van de Beek,D. van de Beek
Girona FC,GIR,7,C. Stuani,6navc0x6p4yqy76zyo3zocwr9,Stuani,C. Stuani
Girona FC,GIR,8,Fran Beltrán,e3czx0nsuw10acnftbr8ud0bt,Beltrán,F. Beltrán
Girona FC,GIR,8,Portu,5l6e9nd0defapk1w2ucndowr9,Portu,Portu
Girona FC,GIR,9,Abel Ruiz,e5xv1rmy69kwuxjxin653ojqh,Ruiz,A. Ruiz
Girona FC,GIR,10,Y. Asprilla,1rhh9hzqzsp331scjcefanvo4,Asprilla,Y. Asprilla
Girona FC,GIR,11,T. Lemar,ejcyvgclry4g5pc2rtptifphx,Lemar,T. Lemar
Girona FC,GIR,12,Vitor Reis,bh4p6egq7e7htivuu0qdjqiac,Reis,V. Reis
Girona FC,GIR,13,P. Gazzaniga,eavhyxb9dfjh0jp5yzg8p8udx,Gazzaniga,P. Gazzaniga
Girona FC,GIR,14,C. Echeverri,b3sexumsdp9m96rkp5da0r47o,Echeverri,C. Echeverri
Girona FC,GIR,14,D. Camara,4ydaw14cc5uj77o8uafvt3578,Camara,D. Camara
Girona FC,GIR,15,V. Tsygankov,3auwtiburdxrp2i5me2d97f11,Tsygankov,V. Tsygankov
Girona FC,GIR,16,Alejandro Francés,8nxr373i7g1m2ch2lk6k03ckq,Francés,A. Francés
Girona FC,GIR,17,D. Blind,3kx4mltrob4yta5g6kr2u8ic5,Blind,D. Blind
Girona FC,GIR,18,A. Ounahi,41jb0ts5688xz8ell62rybm22,Ounahi,A. Ounahi
Girona FC,GIR,18,L. Krejčí,3vp8awfs73xgrh2krs24w6up5,Krejčí,L. Krejčí
Girona FC,GIR,19,V. Vanat,32ofi0z0euiqvxt5jk8o1uzxm,Vanat,V. Vanat
Girona FC,GIR,19,B. Miovski,8cpd4je0ku8wjumqeh3ruv10p,Miovski,B. Miovski
Girona FC,GIR,20,A. Witsel,59234as8h70fejyfm7492np3p,Witsel,A. Witsel
Girona FC,GIR,21,Bryan Gil,cjd62gwj9ptwrrtu6y6xnpeui,Gil,B. Gil
Girona FC,GIR,21,Y. Herrera,c320492cbp1otejfp1i1oane1,Herrera,Y. Herrera
Girona FC,GIR,22,J. Solís,2f1s166mgypfd94gce3k2cnx0,Solís,J. Solís
Girona FC,GIR,22,M. ter Stegen,2e55g4q93y382cg7h0yk5rtud,ter Stegen,M. ter Stegen
Girona FC,GIR,23,Iván Martín,9um7x9zd0e000zt57l3yearqh,Martín,I. Martín
Girona FC,GIR,24,Álex Moreno,3m7wjcmet9b8sc5tu0ct8j0et,Moreno,Á. Moreno
Girona FC,GIR,25,V. Krapyvtsov,9jhm9qxoeqad7lm5i2nemgwes,Krapyvtsov,V. Krapyvtsov
Girona FC,GIR,29,L. Kourouma,c4ef6mcyzxslw77ipml8sbk0k,Kourouma,L. Kourouma
Girona FC,GIR,32,J. Arango,5ykwmft0pr13p2uzhk7f2g3ys,Arango,J. Arango
Levante UD,LEV,1,Pablo Cuñat,3072da88jl9fou9gi2c5j3bx0,Campos,P. Campos
Levante UD,LEV,2,M. Moreno,4v3mcgy4w1n4g3vkq0fe7iwwk,Moreno,M. Moreno
Levante UD,LEV,3,A. Matturro,2y25g5wgiygxbp97r22o1a1as,Matturro,A. Matturro
Levante UD,LEV,4,Adrián de la Fuente,49230s4p4daocrftccqqbeqjt,de la Fuente,A. de la Fuente
Levante UD,LEV,5,Unai Elgezabal,4ig4kv8c1xew1jlsy1k2iga21,Elgezabal,U. Elgezabal
Levante UD,LEV,6,Diego Pampín,bqb9wziyiw0rngildx44uhxbd,Pampín,D. Pampín
Levante UD,LEV,7,Roger Brugué,dwvghrdrnqqmfiwwicm5lrskq,Brugué,R. Brugué
Levante UD,LEV,8,Jon Olasagasti,6lnttemmflhxp700fr069ty0a,Olasagasti,J. Olasagasti
Levante UD,LEV,9,Iván Romero,8kj8kbwbfiqloxiilj0i00ep6,Romero,I. Romero
Levante UD,LEV,10,Pablo Martínez,e98i1kwb733b830mk2wqdlene,Martínez,P. Martínez
Levante UD,LEV,11,José Luis Morales,9y7202khwzb48ea7im646m11x,Morales,J. Morales
Levante UD,LEV,12,Unai Vencedor,7x2c4pr7hvku5zp0dnjcpy0yy,Vencedor,U. Vencedor
Levante UD,LEV,13,M. Ryan,7udphhcokm6vralyz5gkovxsl,Ryan,M. Ryan
Levante UD,LEV,14,U. Raghouber,dlxi9jrz36ge900qdsd9c0mlm,Raghouber,U. Raghouber
Levante UD,LEV,14,Jorge Cabello,d1k9hj2ovhxue46mbdxy7wp3o,Cabello,J. Cabello
Levante UD,LEV,15,G. Koyalipou,5b9ycghp21qhv7qz6zuvblh49,Koyalipou,G. Koyalipou
Levante UD,LEV,16,K. Arriaga,kdf39fz73dd5n2nzlsuwbq3t,Arriaga,K. Arriaga
Levante UD,LEV,17,Víctor García,a5a9d3z93jct2dtg6ajpi26ay,García,V. García
Levante UD,LEV,18,Iker Losada,38igxi5sn8v00xtciwhqb44fe,Losada,I. Losada
Levante UD,LEV,19,Carlos Espí,cbh5v5yi380uvbt5z2xbxemfo,Espí,C. Espí
Levante UD,LEV,20,Oriol Rey,a91clevckra05nq55e1ztezmd,Rey,O. Rey
Levante UD,LEV,21,K. Etta Eyong,bl3o0pt262qax5cwv4jeu82s4,Etta Eyong,K. Etta Eyong
Levante UD,LEV,21,Sergio Lozano,djhl1u6idhf6u50lp04xu3f1l,Lozano,S. Lozano
Levante UD,LEV,22,J. Toljan,5oge5fhmna0oduqvjisoa1djp,Toljan,J. Toljan
Levante UD,LEV,23,Manu Sánchez,d34tmogp5h4rwuo3pcxtwp0fe,Sánchez,M. Sánchez
Levante UD,LEV,24,Carlos Álvarez,6gtfe9aysdrcht4v2rluu0ley,Álvarez,C. Álvarez
Levante UD,LEV,26,Kareem Tunde,20s72mrpp0gl3hd333zaows2c,Tunde,K. Tunde
Levante UD,LEV,27,Paco Cortés,6w641bd5laym8cnxg6mecsmqc,Cortés,P. Cortés
Levante UD,LEV,29,Nacho Pérez,a0810cmxke3zmwaqj31bo15hw,Pérez,N. Pérez
Levante UD,LEV,55,T. Abed,cmrror5dshow00mbi6nxh1es4,Abed,T. Abed
Real Club Deportivo Mallorca,MLL,1,Leo Román,5qh2kdatvb03o8oiqvkaaxje2,Román,L. Román
Real Club Deportivo Mallorca,MLL,2,Mateu Morey,5tsp2m5z3xie07ax0wq1qqsix,Morey,M. Morey
Real Club Deportivo Mallorca,MLL,3,Toni Lato,f1e3gi3dx3er2vz7loriw6e39,Lato,T. Lato
Real Club Deportivo Mallorca,MLL,4,M. Kumbulla,cddggachzf198p1yhq9owtofd,Kumbulla,M. Kumbulla
Real Club Deportivo Mallorca,MLL,5,Omar Mascarell,bkvvapojagxvj17nzk3oy8ct1,Mascarell,O. Mascarell
Real Club Deportivo Mallorca,MLL,6,Antonio Sánchez,2td3iejdken4orcduqrdutrhm,Sánchez,A. Sánchez
Real Club Deportivo Mallorca,MLL,7,V. Muriqi,3pwr7lqvo4o08c4nvzqpuue39,Muriqi,V. Muriqi
Real Club Deportivo Mallorca,MLL,8,Manu Morlanes,12qc3dkodeb8ykg6pc0kqf2l1,Morlanes,M. Morlanes
Real Club Deportivo Mallorca,MLL,9,Abdón Prats,2wdjbfzaiokiawrbn5wzsx61h,Prats,A. Prats
Real Club Deportivo Mallorca,MLL,10,Sergi Darder,7xmaybxu4zd5k338bi3drkxcl,Darder,S. Darder
Real Club Deportivo Mallorca,MLL,11,T. Asano,2bzdn7cqqonejqmlq85w8z6qd,Asano,T. Asano
Real Club Deportivo Mallorca,MLL,12,Samú Costa,1km9nvqz03yoj9cxpv127id7u,Costa,S. Costa
Real Club Deportivo Mallorca,MLL,13,L. Bergström,2f49etxdi4l2tsobpmsg5i5pm,Bergström,L. Bergström
Real Club Deportivo Mallorca,MLL,14,Dani Rodríguez,9e7b5cm66oxf26fmp33yuppsl,Rodríguez,D. Rodríguez
Real Club Deportivo Mallorca,MLL,15,Zito Luvumbo,e0gv5rugqtsipy89z4rk7hsoa,Luvumbo,Z. Luvumbo
Real Club Deportivo Mallorca,MLL,17,Jan Virgili,4cuha2o4qsp1tb8yhqu3ntij8,Virgili,J. Virgili
Real Club Deportivo Mallorca,MLL,18,Mateo Joseph,9d4cokmqyy9vabji5g0ascavo,Joseph,M. Joseph
Real Club Deportivo Mallorca,MLL,19,Javi Llabrés,4rcsvuxnotyjoo72f8okudh5g,Llabrés,J. Llabrés
Real Club Deportivo Mallorca,MLL,20,Pablo Torre,5kodjbsarkql4vhs126p2vhwq,Torre,P. Torre
Real Club Deportivo Mallorca,MLL,21,Antonio Raíllo,9dewnn65ylruq567thg7ebqhh,Raíllo,A. Raíllo
Real Club Deportivo Mallorca,MLL,22,J. Mojica,dfjph36vcwfj5cevut4x3vf11,Mojica,J. Mojica
Real Club Deportivo Mallorca,MLL,23,Pablo Maffeo,22dchchxwrsty67ultrs61qz9,Maffeo,P. Maffeo
Real Club Deportivo Mallorca,MLL,24,M. Valjent,9t88fceutc2x108ga0qkzkafp,Valjent,M. Valjent
Real Club Deportivo Mallorca,MLL,27,David López,3v254jhofauiadp9vzb7rb21g,López,D. López
Real Club Deportivo Mallorca,MLL,28,Miquel Salas,9wwzjoc2bl80vct0meb6v5yqc,Salas,M. Salas
Real Club Deportivo Mallorca,MLL,29,Luis Orejuela,8kb4bpoflaz0yy6m746jdbb4k,Orejuela,L. Orejuela
Real Club Deportivo Mallorca,MLL,30,Marc Domenech,5e8sf5791x5g5m9vmct6s3itw,Domenech,M. Domenech
Real Club Deportivo Mallorca,MLL,30,J. Kalumba,c3f7tpb57qho5z9agsxtcopas,Kalumba,J. Kalumba
Real Club Deportivo Mallorca,MLL,34,Javier Olaizola,7zerx4gqk5emuf33ufrnyldlg,Olaizola,J. Olaizola
Real Club Deportivo Mallorca,MLL,44,Miguel Calatayud,2qwc38fv5xdlro7ljyvihmmtw,Calatayud,M. Calatayud
CA Osasuna,OSA,1,Sergio Herrera,amjegysk3et638l4od103c7o5,Herrera,S. Herrera
CA Osasuna,OSA,2,Iker Benito,6nq6p1kfoejfmnzpckquv4tn8,Benito,I. Benito
CA Osasuna,OSA,3,Juan Cruz,8ij122duxc65thlj8flk2xdjp,Cruz,J. Cruz
CA Osasuna,OSA,5,Jorge Herrando,5b9awsil5bgqrsc13xsoj35nu,Herrando,J. Herrando
CA Osasuna,OSA,6,Lucas Torró,d3pdr28q2n295ldry2lc1uklx,Torró,L. Torró
CA Osasuna,OSA,7,Jon Moncayola,f4gpe0pxov8sea9e0fs24h8q2,Moncayola,J. Moncayola
CA Osasuna,OSA,8,Iker Muñoz,1wezo3pjdktc0iqaxze3uh2sq,Muñoz,I. Muñoz
CA Osasuna,OSA,9,Raúl García,cy3c0cj6yy1mokaj0mlk4k9re,García,R. García
CA Osasuna,OSA,10,Aimar Oroz,bpf2fcb73l96fwspo72shmkiy,Oroz,A. Oroz
CA Osasuna,OSA,11,Kike Barja,2zcha0sd7axiu2s2c0bccz2s5,Barja,K. Barja
CA Osasuna,OSA,13,Aitor Fernández,15no5m0njma23gf0ygu9agt05,Fernández,A. Fernández
CA Osasuna,OSA,14,Rubén García,9xbo6c8uq29ueuyinngjjiaj9,García,R. García
CA Osasuna,OSA,16,Moi Gómez,5t2ngljfiapcn98qlnbifg53p,Gómez,M. Gómez
CA Osasuna,OSA,17,A. Budimir,946z96r5q70ryslp3hlhafnx1,Budimir,A. Budimir
CA Osasuna,OSA,18,Raúl Moro,6km3r9cspyz7g6343o9mri63u,Moro,R. Moro
CA Osasuna,OSA,18,S. Becker,cywgibmici8hwp1ad1nhk3ufp,Becker,S. Becker
CA Osasuna,OSA,19,V. Rosier,3ex56ma2xf94ex429ay35gusp,Rosier,V. Rosier
CA Osasuna,OSA,20,Javi Galán,40gxfsz7bgrkdudqewlpxzyzt,Galán,J. Galán
CA Osasuna,OSA,21,Víctor Muñoz,d358ce00vstqg3ilinhcc10r8,Muñoz,V. Muñoz
CA Osasuna,OSA,22,E. Boyomo,5tiol5jc7h11oic9vvyu83fqi,Boyomo,E. Boyomo
CA Osasuna,OSA,23,Abel Bretones,bvs3rixmobb9gje6kfvhgb52i,Bretones,A. Bretones
CA Osasuna,OSA,24,Alejandro Catena,bi8nrmyaxsgbhixw921fzvm5l,Catena,A. Catena
CA Osasuna,OSA,29,Asier Osambela,b5muwvixv0nq4uylgzxz7302c,Osambela,A. Osambela
CA Osasuna,OSA,41,Íñigo Arguibide,609aarpl34780k5mkkwluvjf8,Arguibide,Í. Arguibide
Real Oviedo,OVI,1,H. Moldovan,58ne1a4dg1awsoh5ybmjrlhey,Moldovan,H. Moldovan
Real Oviedo,OVI,2,E. Bailly,9jw0h4escxh3eqz8oh860r3yt,Bailly,E. Bailly
Real Oviedo,OVI,3,R. Alhassane,4aszgga510z652sajxoea2has,Alhassane,R. Alhassane
Real Oviedo,OVI,4,David Costas,d6xt27yn0fv6f1g9de5yuwwyd,Costas,D. Costas
Real Oviedo,OVI,5,Alberto Reina,a4r44oe89pwoinogij6t0go6i,Reina,A. Reina
Real Oviedo,OVI,6,K. Sibo,7qoshvypodx2yovs65d29kgoa,Sibo,K. Sibo
Real Oviedo,OVI,7,I. Chaira,60b3ef904dyvuh61cgkajcley,Chaira,I. Chaira
Real Oviedo,OVI,8,Santi Cazorla,bw58qgyapbrlir4h629cr5uj9,Cazorla,S. Cazorla
Real Oviedo,OVI,9,F. Viñas,6nr7ekkfr3n9tr44z6fowj5gq,Viñas,F. Viñas
Real Oviedo,OVI,10,H. Hassan,7kyxr0ntcthtbohvozw93v52i,Hassan,H. Hassan
Real Oviedo,OVI,11,S. Colombatto,1u9sn1cu0pq16mina2q6d6dwp,Colombatto,S. Colombatto
Real Oviedo,OVI,12,Dani Calvo,ej7ydno7l3dv6xiqpaxrxbmqd,Calvo,D. Calvo
Real Oviedo,OVI,13,Aarón Escandell,1j75xt37w8q04ixbyjwhtfh05,Escandell,A. Escandell
Real Oviedo,OVI,14,O. Ejaria,135s5jb8qkcap8ec8cv47p9sl,Ejaria,O. Ejaria
Real Oviedo,OVI,15,T. Fernández,9xyhn7xadm9zl908lonnj0x04,Fernández,T. Fernández
Real Oviedo,OVI,15,Oier Luengo,7duip0fhdb8lce5x0tgq2257t,Luengo,O. Luengo
Real Oviedo,OVI,16,David Carmo,9iqmeo87l56hr3gymmxgkxysq,Carmo,D. Carmo
Real Oviedo,OVI,16,Borja Sánchez,20d6omwpt4ophc6dsn4m7snh1,Sánchez,B. Sánchez
Real Oviedo,OVI,17,T. Borbas,7zilisi5cnkmr30dhdful2r1m,Borbas,T. Borbas
Real Oviedo,OVI,18,J. Brekalo,ec04djw7dspowrm7h7wr6e5ed,Brekalo,J. Brekalo
Real Oviedo,OVI,19,Álex Forés,cw9754xmqdnskeswigkl7u5ii,Forés,Á. Forés
Real Oviedo,OVI,20,L. Dendoncker,1emj0rlthc8syfleox4c39kut,Dendoncker,L. Dendoncker
Real Oviedo,OVI,21,L. Ilić,65je30iyno0ea0yylc355o3jd,Ilić,L. Ilić
Real Oviedo,OVI,22,Nacho Vidal,akjusy9dt1qd2fjhttviek6ol,Vidal,N. Vidal
Real Oviedo,OVI,23,S. Rondón,20wvh9al53baedfzbzykpvkyd,Rondón,S. Rondón
Real Oviedo,OVI,23,N. Fonseca,kswz5xg9b8d2zzslpfxpn7fu,Fonseca,N. Fonseca
Real Oviedo,OVI,24,Lucas Ahijado,8n42fc5g0qewvh9pdh4ef1e51,Ahijado,L. Ahijado
Real Oviedo,OVI,25,Javi López,6p8xl2smgf1ta7txpcj7cabu2,López,J. López
Real Oviedo,OVI,27,Pablo Agudín,bj7ybt2wtu63dxlhnlcy9vdas,Agudín,P. Agudín
Real Oviedo,OVI,29,Omar Falah,4oixsgmsfh4uvhfg7vr9hw4yc,Falah,O. Falah
Real Oviedo,OVI,30,Marco Esteban,d2oms9lfq6bvd9w3xizmo5h5g,Esteban,M. Esteban
Rayo Vallecano de Madrid,RAY,1,Dani Cárdenas,9xhbpn45z9wvjidbmparzkdm1,Cárdenas,D. Cárdenas
Rayo Vallecano de Madrid,RAY,2,A. Rațiu,38dhmhce7deuqgqmc3p7nhai2,Rațiu,A. Rațiu
Rayo Vallecano de Madrid,RAY,3,Pep Chavarría,amt4voyjzhnvr55t08hzlw50q,Chavarría,P. Chavarría
Rayo Vallecano de Madrid,RAY,4,Pedro Díaz,7vb4xrwk7sbgpxzgiwwbt4s89,Díaz,P. Díaz
Rayo Vallecano de Madrid,RAY,5,Luiz Felipe,f5blplnlgn04f54kqsfx1b7qh,Felipe,L. Felipe
Rayo Vallecano de Madrid,RAY,6,P. Ciss,1ho7koiegfhsuevuum2meibu2,Ciss,P. Ciss
Rayo Vallecano de Madrid,RAY,7,Isi Palazón,3ca7tqrdasmeop6ud9zot0wdl,Palazón,I. Palazón
Rayo Vallecano de Madrid,RAY,8,Ó. Trejo,676ehh6cwla4o9igey7qr1uqd,Trejo,Ó. Trejo
Rayo Vallecano de Madrid,RAY,9,Alemão,7ppmuz6ays7s0v3gk2x4ecb1l,Alemão,Alemão
Rayo Vallecano de Madrid,RAY,10,Sergio Camello,1bdnkqbxm2u5ror7ipig5m73e,Camello,S. Camello
Rayo Vallecano de Madrid,RAY,11,Randy Nteka,a045sz2acqbfgyq9puwsu8sx6,Nteka,R. Nteka
Rayo Vallecano de Madrid,RAY,12,I. Akhomach,73jvx4opw9wvawwpg0bnt8ay2,Akhomach,I. Akhomach
Rayo Vallecano de Madrid,RAY,13,A. Batalla,9h6xf4ac4rpsjpummcdx26z9,Batalla,A. Batalla
Rayo Vallecano de Madrid,RAY,14,Carlos Martín,c90gk99jn34wxtlad784hpnv8,Martín,C. Martín
Rayo Vallecano de Madrid,RAY,15,Gerard Gumbau,f0a2qk3jzxercn67bben5eled,Gumbau,G. Gumbau
Rayo Vallecano de Madrid,RAY,16,A. Mumin,lp63o37czdwete0smmu62k89,Mumin,A. Mumin
Rayo Vallecano de Madrid,RAY,17,Unai López,u04ao1ldrjjesgqq52o7ghqt,López,U. López
Rayo Vallecano de Madrid,RAY,18,Álvaro García,8eh38t4oyyt728co362f6uqqd,García,Á. García
Rayo Vallecano de Madrid,RAY,19,Jorge de Frutos,c157xhi78x9cykn7xz816bjd,de Frutos,J. de Frutos
Rayo Vallecano de Madrid,RAY,20,I. Balliu,bpfp895223p7w0px2ui3nb2l1,Balliu,I. Balliu
Rayo Vallecano de Madrid,RAY,21,Fran Pérez,66fshzi5f86wt1lwa4kdhiooa,Pérez,F. Pérez
Rayo Vallecano de Madrid,RAY,22,P. Espino,2qauzcv74cd8uqfv2ibl52ymt,Espino,P. Espino
Rayo Vallecano de Madrid,RAY,23,Óscar Valentín,8onruhr4es313aq52xsl7nxlh,Valentín,Ó. Valentín
Rayo Vallecano de Madrid,RAY,24,F. Lejeune,533095rnz0k8mxqe6gzn0mfo5,Lejeune,F. Lejeune
Rayo Vallecano de Madrid,RAY,27,Pelayo Fernández,a8g1nr2nrtkbm34v91bhz44d0,Fernández,P. Fernández
Rayo Vallecano de Madrid,RAY,28,Samu Becerra,2pdz9y2nbrc1dnfkskrostn2s,Becerra,S. Becerra
Rayo Vallecano de Madrid,RAY,32,N. Mendy,cdsidpd0i3ub2tvw47qt813x0,Mendy,N. Mendy
Rayo Vallecano de Madrid,RAY,33,J. Vertrouwd,asvxbmdd5j5tlz2fo1jpcrrx0,Vertrouwd,J. Vertrouwd
Real Madrid CF,RMA,1,T. Courtois,6crmq7vzqts58wg196q48sc7p,Courtois,T. Courtois
Real Madrid CF,RMA,2,Dani Carvajal,7oykphzczagr975xsqt70s89h,Carvajal,D. Carvajal
Real Madrid CF,RMA,3,Éder Militão,8wvkrrbqqthuwda8twg03yuax,Militão,É. Militão
Real Madrid CF,RMA,4,D. Alaba,6w5wyari2p4bh2zzy2x2f6hg5,Alaba,D. Alaba
Real Madrid CF,RMA,5,J. Bellingham,e83ula4wockmc2xid7185kcq2,Bellingham,J. Bellingham
Real Madrid CF,RMA,6,E. Camavinga,en2c7z1raqmcwee78297pbnu2,Camavinga,E. Camavinga
Real Madrid CF,RMA,7,Vinícius Júnior,b4witgokm49tidm1a83qcvbop,Júnior,V. Júnior
Real Madrid CF,RMA,8,F. Valverde,1i9wi65k2foqwudeqiyih87hl,Valverde,F. Valverde
Real Madrid CF,RMA,9,Endrick,14qv8npo5alwnb5dud8x82ln8,Endrick,Endrick
Real Madrid CF,RMA,10,K. Mbappé,5e9ilgrz3tzg9kd1gk3yvrahh,Mbappé,K. Mbappé
Real Madrid CF,RMA,11,Rodrygo,broq8imimhtlejtffissquy5m,Rodrygo,Rodrygo
Real Madrid CF,RMA,12,T. Alexander-Arnold,19z8jmren3eytg7fbuzqv73kl,Alexander-Arnold,T. Alexander-Arnold
Real Madrid CF,RMA,13,A. Lunin,38bp85766w04a0nuulq5fiig9,Lunin,A. Lunin
Real Madrid CF,RMA,14,A. Tchouaméni,aipyotc87m5bdvmvizd5n69k9,Tchouaméni,A. Tchouaméni
Real Madrid CF,RMA,15,A. Güler,39gif4xfy8xddarasbsad56ok,Güler,A. Güler
Real Madrid CF,RMA,16,Gonzalo García,4o9d3hpjlicgce9gtbewyzhn8,García,G. García
Real Madrid CF,RMA,17,Raúl Asencio,atj6u4qul0o2ca57etbmes07o,Asencio,R. Asencio
Real Madrid CF,RMA,18,Álvaro Carreras,a4kw8u4dqsslfwe1ux08lbmc,Carreras,Á. Carreras
Real Madrid CF,RMA,19,Dani Ceballos,i48mf81fxn2af1xxjzfi8gr9,Ceballos,D. Ceballos
Real Madrid CF,RMA,20,Fran García,39c5g6782qlrtw55fsre7exnt,García,F. García
Real Madrid CF,RMA,21,Brahim Díaz,3jln1gzc0859ymphvq83i0mp5,Díaz,B. Díaz
Real Madrid CF,RMA,22,A. Rüdiger,6fzbp94hf19ysotdassrqdc5x,Rüdiger,A. Rüdiger
Real Madrid CF,RMA,23,F. Mendy,6q69l3ppqfqbryjubcrujfi6t,Mendy,F. Mendy
Real Madrid CF,RMA,24,Dean Huijsen,d2hnxi1yi5rgqj1tvxh1813x0,Huijsen,D. Huijsen
Real Madrid CF,RMA,27,Diego Aguado,4luj0v1ttpt61sniftg4bxrtg,Aguado,D. Aguado
Real Madrid CF,RMA,28,Cestero,ecmpznived7xp45o7bm96csno,Cestero,Cestero
Real Madrid CF,RMA,30,F. Mastantuono,1fkntyd2z8e169yh98k0zst90,Mastantuono,F. Mastantuono
Real Madrid CF,RMA,35,David Jiménez,9650u1owvf264fwnuzc0zlfro,Jiménez,D. Jiménez
Real Madrid CF,RMA,37,Manuel Ángel,2spn42sn73gxwyt6ucobiknl6,Ángel,M. Ángel
Real Madrid CF,RMA,38,César Palacios,3r4r3w44ski0d4175zfe1iy38,Palacios,C. Palacios
Real Madrid CF,RMA,40,Valde,3pxte13sf3ybzb3cgvim1tqtw,Valdepeñas,V. Valdepeñas
Real Madrid CF,RMA,42,Daniel Yáñez,3r8kqt2bz34yw8e2h4jdp96hg,Yáñez,D. Yáñez
Real Madrid CF,RMA,45,Thiago Pitarch,9ksawmk9ligul6vfjihf50r8,Pitarch,T. Pitarch
Real Madrid CF,RMA,46,Ávaro Leiva,3jzkkcd5ysauxk07bli7ic2l0,Leiva,Á. Leiva
Real Madrid CF,RMA,51,Manu Serrano,804nhrv8ow2bq2rukelto650,Serrano,M. Serrano
Real Sociedad de Fútbol,RSO,1,Álex Remiro,w503zyr8ipyobglth281uklx,Remiro,Á. Remiro
Real Sociedad de Fútbol,RSO,2,J. Aramburu,ezbplvktzcvzh5kwur32110mi,Aramburu,J. Aramburu
Real Sociedad de Fútbol,RSO,3,Aihen Muñoz,bj929w5yi7lnz36jxsi5qnq7e,Muñoz,A. Muñoz
Real Sociedad de Fútbol,RSO,4,Jon Gorrotxategi,706la37b8u3v3n6mqtbjs73mc,Gorrotxategi,J. Gorrotxategi
Real Sociedad de Fútbol,RSO,5,Igor Zubeldia,48gjuou5eashpj8wbwd18iju1,Zubeldia,I. Zubeldia
Real Sociedad de Fútbol,RSO,6,Aritz Elustondo,e35v2pspdgl7t769d57e67ob9,Elustondo,A. Elustondo
Real Sociedad de Fútbol,RSO,7,Ander Barrenetxea,21vx56lpd276xqbu11ubkf78q,Barrenetxea,A. Barrenetxea
Real Sociedad de Fútbol,RSO,8,Beñat Turrientes,et849xmcdgsy5itb8i4w7qkq2,Turrientes,B. Turrientes
Real Sociedad de Fútbol,RSO,9,O. Óskarsson,euur9yvhgrieu4kl0vdkh244q,Óskarsson,O. Óskarsson
Real Sociedad de Fútbol,RSO,10,Mikel Oyarzabal,b45ryclny991bm7qosieyg1cl,Oyarzabal,M. Oyarzabal
Real Sociedad de Fútbol,RSO,11,Gonçalo Guedes,7pmigpf4yfi6dfih8e1ogdwb9,Guedes,G. Guedes
Real Sociedad de Fútbol,RSO,12,Y. Herrera,c320492cbp1otejfp1i1oane1,Herrera,Y. Herrera
Real Sociedad de Fútbol,RSO,13,Unai Marrero,b2xlrg9xvucrut2fhmvsgjuqy,Marrero,U. Marrero
Real Sociedad de Fútbol,RSO,14,T. Kubo,1qkep5ck252k1g3oqza5ygh61,Kubo,T. Kubo
Real Sociedad de Fútbol,RSO,15,Pablo Marín,aka2yqxmqpioxc1qzkl62ejv8,Marín,P. Marín
Real Sociedad de Fútbol,RSO,15,U. Sadiq,dtvmsnqlzn5672xb54zj8u7dh,Sadiq,U. Sadiq
Real Sociedad de Fútbol,RSO,15,Urko González de Zárate,7y8ns61qioqu7kfsqzkvkwhuy,González,U. González
Real Sociedad de Fútbol,RSO,16,D. Ćaleta-Car,6gymgqxnu2zavuxgp6amm3zkl,Ćaleta-Car,D. Ćaleta-Car
Real Sociedad de Fútbol,RSO,17,Sergio Gómez,d4tdx2ctadv6kc3tbq4as8bmx,Gómez,S. Gómez
Real Sociedad de Fútbol,RSO,18,Carlos Soler,dsmcqfl0e1be4ag7czbnolo15,Soler,C. Soler
Real Sociedad de Fútbol,RSO,19,Jon Karrikaburu,dqiuqhsqsayvldfazfnp8d46i,Karrikaburu,J. Karrikaburu
Real Sociedad de Fútbol,RSO,20,Álvaro Odriozola,5nluxvc0wi0u1d5zcy7be5rkl,Odriozola,Á. Odriozola
Real Sociedad de Fútbol,RSO,21,A. Zakharyan,6e4d1o09sl2ovlyyvhyd5xboq,Zakharyan,A. Zakharyan
Real Sociedad de Fútbol,RSO,22,Wesley,a5sz66h4t5kg1umvtth785jis,Wesley,Wesley
Real Sociedad de Fútbol,RSO,22,Mikel Goti,dci5jbkxxr0wddazufgbysxec,Goti,M. Goti
Real Sociedad de Fútbol,RSO,23,Brais Méndez,dvrk8qmt9ta4c3kvjgsad7t91,Méndez,B. Méndez
Real Sociedad de Fútbol,RSO,24,L. Sučić,9x5uo2wkxp9fk1arygbkl6u0a,Sučić,L. Sučić
Real Sociedad de Fútbol,RSO,26,Dani Díaz,2hqyw29ta24b0fk146a4mlf6c,Díaz,D. Díaz
Real Sociedad de Fútbol,RSO,31,Jon Martín,8krgbfnydbtyongkwnsaj43kk,Martín,J. Martín
Real Sociedad de Fútbol,RSO,33,Iñaki Rupérez,3eksuqblpadcgroqkg5ynldec,Rupérez,I. Rupérez
Real Sociedad de Fútbol,RSO,34,Arkaitz Mariezkurrena,66l9n4gqc4aau3bpc0qtpta8k,Mariezkurrena,A. Mariezkurrena
Real Sociedad de Fútbol,RSO,38,Luken Beitia,8qs8s7c173w8i1dfu06ub5zis,Beitia,L. Beitia
Real Sociedad de Fútbol,RSO,42,Gorka Carrera,bqltxeg4ejtd649kta3njitqs,Carrera,G. Carrera
Real Sociedad de Fútbol,RSO,44,Lander Astiazarán,ligleescbvmylb6qejczd6ok,Astiazarán,L. Astiazarán
Real Sociedad de Fútbol,RSO,46,Ibai Aguirre,d8m3jx634os7zwau1rufwkd0,Aguirre,I. Aguirre
Real Sociedad de Fútbol,RSO,47,J. Ochieng,1fcmd6qaiira468e8mph4sis4,Ochieng,J. Ochieng
Sevilla FC,SEV,1,O. Vlachodimos,7jtc6yk5xu4cm1an97wrgozbp,Vlachodimos,O. Vlachodimos
Sevilla FC,SEV,2,José Ángel Carmona,6jq376l673aizjxxhhos2j52i,Carmona,J. Carmona
Sevilla FC,SEV,3,César Azpilicueta,bvw1jgmhfyc896gfi6uj0skwl,Azpilicueta,C. Azpilicueta
Sevilla FC,SEV,3,Adrià Pedrosa,8rprxly1blrhq9cwhfqoheeax,Pedrosa,A. Pedrosa
Sevilla FC,SEV,4,Kike Salas,9nwkxgbl8t933pzu60ye4xxxw,Salas,K. Salas
Sevilla FC,SEV,5,T. Nianzou,2lwjtphx3bkjty9sds520l1ey,Nianzou,T. Nianzou
Sevilla FC,SEV,6,N. Gudelj,6vvwhgic29fekmmj2cg62ytp1,Gudelj,N. Gudelj
Sevilla FC,SEV,7,Isaac Romero,45rxt159xjefvxlfgeykclw8a,Romero,I. Romero
Sevilla FC,SEV,8,Joan Jordán,8ycvfctf7c3yljnbtltsogkph,Jordán,J. Jordán
Sevilla FC,SEV,9,A. Adams,6mf11pv0pfvyl9vom1i1pi0yy,Adams,A. Adams
Sevilla FC,SEV,10,A. Sánchez,vl1b0gayryiqvl5dlukpmswl,Sánchez,A. Sánchez
Sevilla FC,SEV,10,D. Lukébakio,5cw4n6kdaa7imeyaiuo2pnq39,Lukébakio,D. Lukébakio
Sevilla FC,SEV,11,R. Vargas,4zrut521fzw9fddqt74pnl756,Vargas,R. Vargas
Sevilla FC,SEV,12,G. Suazo,8yak0o9o7z5j5ribga3ui2cb9,Suazo,G. Suazo
Sevilla FC,SEV,13,Ø. Nyland,cfc7fqq748bz3nklfam2a2fp,Nyland,Ø. Nyland
Sevilla FC,SEV,14,Peque Fernández,42laa1qwbzlcruyrmlg5o1fu2,Fernández,P. Fernández
Sevilla FC,SEV,15,Fábio Cardoso,3enoici51osego5k1w41fuaqd,Cardoso,F. Cardoso
Sevilla FC,SEV,16,Juanlu Sánchez,7j2h7bq14b9n6xephp8vchfu2,Sánchez,J. Sánchez
Sevilla FC,SEV,17,N. Maupay,xu7mykgl15kaib3olilmsez9,Maupay,N. Maupay
Sevilla FC,SEV,17,Alfon González,7lo14fnq32yyyqql6jws5w3xl,González,A. González
Sevilla FC,SEV,18,L. Agoumé,c8mp2wwwyvy930vfjnivg2hre,Agoumé,L. Agoumé
Sevilla FC,SEV,19,B. Mendy,boa0e436nc3u53cumlao9ulex,Mendy,B. Mendy
Sevilla FC,SEV,20,D. Sow,7cdiijsvnfc7tafy0zkf4uz9,Sow,D. Sow
Sevilla FC,SEV,21,C. Ejuke,6ufkq71qh9wrfyaez5yi94e09,Ejuke,C. Ejuke
Sevilla FC,SEV,22,F. Gattoni,8wwn9qai1bpesujve04sb225m,Gattoni,F. Gattoni
Sevilla FC,SEV,22,Ramón Martínez,4kgjbmlzo6ygdccbue3zvjm96,Martínez,R. Martínez
Sevilla FC,SEV,23,Marcão,1ghrcpi1cl0koh36puwblbfmd,Marcão,Marcão
Sevilla FC,SEV,24,A. Januzaj,7atmb373dynu9s9gnl613ox5h,Januzaj,A. Januzaj
Sevilla FC,SEV,27,S. Idumbo,370bp4zp3mxe27rtx3gwhcems,Idumbo,S. Idumbo
Sevilla FC,SEV,28,Manu Bueno,35i9zcb2szve0ydjga9qnj384,Bueno,M. Bueno
Sevilla FC,SEV,29,Miguel Ángel,9lzqgedy6aaouokqenirdbu38,Ángel,M. Ángel
Sevilla FC,SEV,31,Alberto Flores,944mc5icxdleh4kvaamvpa9zo,Flores,A. Flores
Sevilla FC,SEV,32,Andrés Castrín,bofeh3blk8nn3ml0pjwuig4r8,Castrín,A. Castrín
Sevilla FC,SEV,36,Oso,6bj5k49arillmrgqk04bxvx1w,Oso,Oso
Valencia CF,VAL,1,S. Dimitrievski,5dfvefxvwj8kixbajluw25mtx,Dimitrievski,S. Dimitrievski
Valencia CF,VAL,2,G. Rodríguez,73efpm314q2paeacsvp4e8q8l,Rodríguez,G. Rodríguez
Valencia CF,VAL,3,Copete,3n66mcws9belxbv3pu5uwhfu2,Copete,Copete
Valencia CF,VAL,4,Unai Núñez,e8s9ssopq5nmp51zymvqp8jbp,Núñez,U. Núñez
Valencia CF,VAL,4,M. Diakhaby,eucssbf7wamb41y1gixfodivp,Diakhaby,M. Diakhaby
Valencia CF,VAL,5,César Tárrega,2u8bekuidiwqz1gvb4vd3uhg,Tárrega,C. Tárrega
Valencia CF,VAL,6,U. Sadiq,dtvmsnqlzn5672xb54zj8u7dh,Sadiq,U. Sadiq
Valencia CF,VAL,7,A. Danjuma,4rktv6j9sioe0gmu7jt77fsh5,Danjuma,A. Danjuma
Valencia CF,VAL,8,Javi Guerra,aqqd7tq7z6bj3wn3u3sz3uuqc,Guerra,J. Guerra
Valencia CF,VAL,9,Hugo Duro,7yieh5r0uzk6d6x9o060c2bfu,Duro,H. Duro
Valencia CF,VAL,10,André Almeida,9dc4qkvh0vk5kwymibji00kp,Almeida,A. Almeida
Valencia CF,VAL,11,Luis Rioja,6kc8ieszwg6u00e3sa554y7yt,Rioja,L. Rioja
Valencia CF,VAL,12,Thierry Correia,8vmrboswsfyb5bfoq07s6susp,Correia,T. Correia
Valencia CF,VAL,13,Cristian Rivero,bqrz2xmu25taby17bl7cycjqh,Rivero,C. Rivero
Valencia CF,VAL,14,José Gayà,5b1q9bpe23j98eoy4fwi7ld5h,Gayà,J. Gayà
Valencia CF,VAL,15,L. Beltrán,a6ud2u88utl6khwf0c4qbdox6,Beltrán,L. Beltrán
Valencia CF,VAL,16,Diego López,4j3u6v01emo9nsel7uw00qsfe,López,D. López
Valencia CF,VAL,17,L. Ramazani,blvf8qsi6iy6ejyer58okyxka,Ramazani,L. Ramazani
Valencia CF,VAL,18,Pepelu,3702btkgwxf6tq92ouekd7ro5,Pepelu,Pepelu
Valencia CF,VAL,19,Dani Raba,pr0nfcph8mlm3plq9b69o8a1,Raba,D. Raba
Valencia CF,VAL,20,D. Foulquier,wlqj34ev5mucxtfx6j4tr9at,Foulquier,D. Foulquier
Valencia CF,VAL,20,R. Saravia,1df6vkt0yostndfiypbily0np,Saravia,R. Saravia
Valencia CF,VAL,21,Jesús Vázquez,d6kzekcwqw0q8fq6wt6rmyusq,Vázquez,J. Vázquez
Valencia CF,VAL,22,B. Santamaría,9br2z5cf6stmnidehwo5a8afp,Santamaría,B. Santamaría
Valencia CF,VAL,23,F. Ugrinic,94md3wf5xab5mnj5niiwq33zd,Ugrinic,F. Ugrinic
Valencia CF,VAL,24,E. Cömert,5uig03vbbv71f0q31cp3vfbv9,Cömert,E. Cömert
Valencia CF,VAL,25,Julen Agirrezabala,1tctbwsidibct7wphjgv8mdm2,Agirrezabala,J. Agirrezabala
Valencia CF,VAL,26,Rubén Iranzo,b4k7aa5fph5t3usotjsw8ygyy,Iranzo,R. Iranzo
Villarreal CF,VIL,1,Luíz Júnior,6ddxujeb3873j5evwiz8n4wt0,Júnior,L. Júnior
Villarreal CF,VIL,2,Logan Costa,59knsm910b1ruk024rkksla3u,Costa,L. Costa
Villarreal CF,VIL,3,A. Freeman,6g7i7z6m8vts105dny1g6z3hm,Freeman,A. Freeman
Villarreal CF,VIL,3,Adrià Alti,9p87liko3b1jjpjmi19135y0a,Alti,A. Alti
Villarreal CF,VIL,4,Rafa Marín,d27r61wcc9az0shpevisc4iga,Marín,R. Marín
Villarreal CF,VIL,5,W. Kambwala,bxp1wr68i1mykrkj3083mvml0,Kambwala,W. Kambwala
Villarreal CF,VIL,6,Pau Navarro,9rtfwu0z7qtk1kglenp2vm13o,Navarro,P. Navarro
Villarreal CF,VIL,6,M. Solomon,f0drogjsrwqv3hyjxuqcnk8vd,Solomon,M. Solomon
Villarreal CF,VIL,7,Gerard Moreno,2biwwlvzgsu5kmyw5w1adpmtx,Moreno,G. Moreno
Villarreal CF,VIL,8,J. Foyth,5soi8e2hlk77rlsbsl76hg3xl,Foyth,J. Foyth
Villarreal CF,VIL,9,G. Mikautadze,8bvn7mn5tjfj3l2bnpvm75gmi,Mikautadze,G. Mikautadze
Villarreal CF,VIL,10,Dani Parejo,c29mprqv2ulztd22b6uckczx1,Parejo,D. Parejo
Villarreal CF,VIL,11,I. Akhomach,73jvx4opw9wvawwpg0bnt8ay2,Akhomach,I. Akhomach
Villarreal CF,VIL,11,Alfon González,7lo14fnq32yyyqql6jws5w3xl,González,A. González
Villarreal CF,VIL,12,Renato Veiga,bfdtduknquzhr2br7ahlgvvo4,Veiga,R. Veiga
Villarreal CF,VIL,14,Santi Comesaña,b5rea5r4h8bclpenau2au142x,Comesaña,S. Comesaña
Villarreal CF,VIL,15,S. Mouriño,albt55j4oir1veynmos532psk,Mouriño,S. Mouriño
Villarreal CF,VIL,16,T. Partey,dydwiixiims98cx2iihfuf8wl,Partey,T. Partey
Villarreal CF,VIL,17,T. Buchanan,acx78ftnm61hm01wpmme77hbe,Buchanan,T. Buchanan
Villarreal CF,VIL,18,P. Gueye,ekm47qd8w1x0456lm1tmf5re1,Gueye,P. Gueye
Villarreal CF,VIL,19,N. Pépé,3n9jnuteyjx6w6dxviuead0b9,Pépé,N. Pépé
Villarreal CF,VIL,20,Alberto Moleiro,1qkneebzln8byl9td2aswznmy,Moleiro,A. Moleiro
Villarreal CF,VIL,21,T. Oluwaseyi,2mhvgtcem9qn2yzobtkqiegpg,Oluwaseyi,T. Oluwaseyi
Villarreal CF,VIL,21,Yeremy Pino,4eezya3lwcwur6c8s6rl0rzvu,Pino,Y. Pino
Villarreal CF,VIL,22,Ayoze Pérez,drwacyyicuhy3heg4j0ipqj85,Pérez,A. Pérez
Villarreal CF,VIL,23,Sergi Cardona,4x854vpovag131b2kdutv4qju,Cardona,S. Cardona
Villarreal CF,VIL,24,Alfonso Pedraza,eh70fwampgdyfv3hu25o2qx,Pedraza,A. Pedraza
Villarreal CF,VIL,25,Arnau Tenas,4ffmlhvbjvfjjnhr0byktvt62,Tenas,A. Tenas
Villarreal CF,VIL,29,K. Etta Eyong,bl3o0pt262qax5cwv4jeu82s4,Etta Eyong,K. Etta Eyong
Villarreal CF,VIL,32,Hugo López,63i6o2zienvxlanzwc6pf8cus,López,H. López
Villarreal CF,VIL,33,Pau Cabanes,6qlpnu6rv60qui02axtaii8lw,Cabanes,P. Cabanes
Villarreal CF,VIL,37,Carlos Maciá,bzq3430ybx8y4n09hgqtxkt90,Maciá,C. Maciá
Villarreal CF,VIL,38,A. Diatta,a8pnwy8wy8ytwek1ovtxkaivo,Diatta,A. Diatta